bin_lo_us,bin_hi_us,count
0,1,0
1,2,1443
2,3,7679
3,4,15790
4,5,24655
5,6,33440
6,7,38047
7,8,41944
8,9,46264
9,10,49949
10,11,52782
11,12,54958
12,13,56328
13,14,56613
14,15,56670
15,16,56633
16,17,56532
17,18,56337
18,19,55733
19,20,55205
20,21,53933
21,22,52611
22,23,50577
23,24,48743
24,25,46275
25,26,44160
26,27,42031
27,28,40247
28,29,38307
29,30,36754
30,31,35101
31,32,33630
32,33,32349
33,34,31021
34,35,29835
35,36,28735
36,37,27724
37,38,26795
38,39,25970
39,40,24993
40,41,24199
41,42,23615
42,43,22862
43,44,22256
44,45,21638
45,46,21128
46,47,20632
47,48,20106
48,49,19480
49,50,19054
50,51,18566
51,52,18041
52,53,17584
53,54,17006
54,55,16394
55,56,15832
56,57,15355
57,58,15038
58,59,14567
59,60,14407
60,61,14108
61,62,13969
62,63,13945
63,64,13854
64,65,13814
65,66,13662
66,67,13511
67,68,13349
68,69,13174
69,70,13002
70,71,12817
71,72,12589
72,73,12579
73,74,12330
74,75,12051
75,76,11779
76,77,11342
77,78,11035
78,79,10621
79,80,10265
80,81,10225
81,82,9944
82,83,9864
83,84,9686
84,85,9459
85,86,9238
86,87,8906
87,88,8827
88,89,8723
89,90,8697
90,91,8588
91,92,8476
92,93,8384
93,94,8232
94,95,8018
95,96,7871
96,97,7798
97,98,7745
98,99,7732
99,100,7677
100,101,7630
101,102,7431
102,103,7285
103,104,7179
104,105,7142
105,106,7199
106,107,7140
107,108,7104
108,109,7053
109,110,6903
110,111,6760
111,112,6729
112,113,6854
113,114,6858
114,115,6957
115,116,6946
116,117,6761
117,118,6624
118,119,6418
119,120,6503
120,121,6538
121,122,6640
122,123,6571
123,124,6558
124,125,6477
125,126,6398
126,127,6290
127,128,6258
128,129,6095
129,130,6101
130,131,6090
131,132,6006
132,133,5992
133,134,5968
134,135,6011
135,136,5907
136,137,5778
137,138,5656
138,139,5550
139,140,5443
140,141,5533
141,142,5489
142,143,5406
143,144,5419
144,145,5320
145,146,5243
146,147,5178
147,148,5136
148,149,5070
149,150,5001
150,151,4964
151,152,4978
152,153,4821
153,154,4844
154,155,4857
155,156,4782
156,157,4768
157,158,4617
158,159,4593
159,160,4611
160,161,4585
161,162,4494
162,163,4450
163,164,4441
164,165,4479
165,166,4423
166,167,4345
167,168,4343
168,169,4364
169,170,4195
170,171,4179
171,172,4164
172,173,4165
173,174,4169
174,175,4141
175,176,4055
176,177,3966
177,178,3993
178,179,3854
179,180,3912
180,181,3871
181,182,3770
182,183,3854
183,184,3842
184,185,3781
185,186,3775
186,187,3737
187,188,3698
188,189,3634
189,190,3631
190,191,3632
191,192,3583
192,193,3556
193,194,3531
194,195,3588
195,196,3603
196,197,3472
197,198,3501
198,199,3436
199,200,1305220
