experiment,run_id,summary_path,engine,network_engine,status,tier,scenario,scheme,batch_size,zipf_s,ep_size,layers,microbatches,attention_devices,ffn_devices,m_to_n,placement,te_profile,step_time_us,throughput_tokens_s,baseline_step_time_us,speedup,tc_us,dispatch_us,combine_us,mask_value,mask_label,mask_definition,packet_evidence_paths,raw.cluster_throughput_tokens_s,raw.engine,raw.experiment,raw.job.batch,raw.job.ep_size,raw.job.exp,raw.job.layers,raw.job.m_attn,raw.job.microbatches,raw.job.n_ffn,raw.job.placement,raw.job.scenario,raw.job.scheme,raw.job.seed,raw.job.te_profile,raw.job.tier,raw.job.zipf_s,raw.model.cluster_throughput_tokens_s,raw.model.communication_busy_us,raw.model.communication_utilization,raw.model.compute_busy_us,raw.model.compute_utilization,raw.model.config.attention_devices,raw.model.config.batch_size,raw.model.config.combine_us,raw.model.config.dispatch_us,raw.model.config.ffn_devices,raw.model.config.layers,raw.model.config.microbatches,raw.model.config.seed,raw.model.config.ta_us,raw.model.config.tc_us,raw.model.config.te_profile,raw.model.config.te_us,raw.model.config.uniform_high_us,raw.model.config.uniform_low_us,raw.model.events._count,raw.model.layer_results._count,raw.model.masking.bidirectional_hidden,raw.model.masking.ffn_not_exposed,raw.model.masking.fully_hidden,raw.model.masking.single_direction_hidden,raw.model.per_device_throughput_tokens_s,raw.model.startup_us,raw.model.steady_state_us,raw.model.step_time_us,raw.model.ta_us,raw.model.tc_us,raw.model.te_profile,raw.model.te_us,raw.model.tf_us,raw.network_inputs.combine_cct_us,raw.network_inputs.dispatch_cct_us,raw.network_inputs.m2n_cct_us,raw.network_inputs.n2m_cct_us,raw.network_inputs.seed_aggregation,raw.network_inputs.tc_definition,raw.network_inputs.tc_us,raw.network_runs._count,raw.per_device_throughput_tokens_s,raw.run_id,raw.step_time_us,raw.tier,report_included
sys1,sys1_s1_packet_spray_b16_z0.5_ep128_L60_m1_sd1,sys1/sys1_s1_packet_spray_b16_z0.5_ep128_L60_m1_sd1/summary.json,packet,,ok,controls,1,packet_spray,16,0.5,128,60,1,0,0,,role_packed,hidden,12775.54212292398,1252.3930371056558,,,,23.585,24.053,,缺失,,"[""/home/sim/dyn_latency/results/ub_rg_system_packet/network/s1_packet_spray_dispatch_mb16_z0.5_ep128_sd1/summary.json"", ""/home/sim/dyn_latency/results/ub_rg_system_packet/network/s1_packet_spray_combine_mb16_z0.5_ep128_sd1/summary.json""]",,packet,sys1,16,128,sys1,60,0,1,0,role_packed,1,packet_spray,1,hidden,controls,0.5,,,,,,,16,24.053,23.585,,60,,1,,,,,90.0,75.0,,60,,,,,1252.3930371056558,,,12775.54212292398,,,,,,24.053,23.585,,,,,,2,1252.3930371056558,sys1_s1_packet_spray_b16_z0.5_ep128_L60_m1_sd1,12775.54212292398,controls,True
sys1,sys1_s1_packet_spray_b16_z0.9_ep128_L60_m1_sd1,sys1/sys1_s1_packet_spray_b16_z0.9_ep128_L60_m1_sd1/summary.json,packet,,ok,controls,1,packet_spray,16,0.9,128,60,1,0,0,,role_packed,hidden,15827.142122923988,1010.9216102144964,,,,48.648,49.85,,缺失,,"[""/home/sim/dyn_latency/results/ub_rg_system_packet/network/s1_packet_spray_dispatch_mb16_z0.9_ep128_sd1/summary.json"", ""/home/sim/dyn_latency/results/ub_rg_system_packet/network/s1_packet_spray_combine_mb16_z0.9_ep128_sd1/summary.json""]",,packet,sys1,16,128,sys1,60,0,1,0,role_packed,1,packet_spray,1,hidden,controls,0.9,,,,,,,16,49.85,48.648,,60,,1,,,,,90.0,75.0,,60,,,,,1010.9216102144964,,,15827.142122923988,,,,,,49.85,48.648,,,,,,2,1010.9216102144964,sys1_s1_packet_spray_b16_z0.9_ep128_L60_m1_sd1,15827.142122923988,controls,True
sys1,sys1_s1_packet_spray_b16_z0_ep128_L60_m1_sd1,sys1/sys1_s1_packet_spray_b16_z0_ep128_L60_m1_sd1/summary.json,packet,,ok,controls,1,packet_spray,16,0,128,60,1,0,0,,role_packed,hidden,10927.722122923988,1464.1660741386784,,,,8.355,8.486,,缺失,,"[""/home/sim/dyn_latency/results/ub_rg_system_packet/network/s1_packet_spray_dispatch_mb16_z0_ep128_sd1/summary.json"", ""/home/sim/dyn_latency/results/ub_rg_system_packet/network/s1_packet_spray_combine_mb16_z0_ep128_sd1/summary.json""]",,packet,sys1,16,128,sys1,60,0,1,0,role_packed,1,packet_spray,1,hidden,controls,0.0,,,,,,,16,8.486,8.355,,60,,1,,,,,90.0,75.0,,60,,,,,1464.1660741386784,,,10927.722122923988,,,,,,8.486,8.355,,,,,,2,1464.1660741386784,sys1_s1_packet_spray_b16_z0_ep128_L60_m1_sd1,10927.722122923988,controls,True
sys1,sys1_s1_packet_spray_b256_z0.5_ep128_L32_m1_sd1,sys1/sys1_s1_packet_spray_b256_z0.5_ep128_L32_m1_sd1/summary.json,packet,,ok,controls,1,packet_spray,256,0.5,128,32,1,0,0,,role_packed,hidden,55136.228829873005,4643.045152578486,,,,522.17,1036.259,,缺失,,"[""/home/sim/dyn_latency/results/ub_rg_system_packet/network/s1_packet_spray_dispatch_mb256_z0.5_ep128_sd1/summary.json"", ""/home/sim/dyn_latency/results/ub_rg_system_packet/network/s1_packet_spray_combine_mb256_z0.5_ep128_sd1/summary.json""]",,packet,sys1,256,128,sys1,32,0,1,0,role_packed,1,packet_spray,1,hidden,controls,0.5,,,,,,,256,1036.259,522.17,,32,,1,,,,,90.0,75.0,,32,,,,,4643.045152578486,,,55136.228829873005,,,,,,1036.259,522.17,,,,,,2,4643.045152578486,sys1_s1_packet_spray_b256_z0.5_ep128_L32_m1_sd1,55136.228829873005,controls,True
sys1,sys1_s1_packet_spray_b256_z0.5_ep128_L60_m1_sd1,sys1/sys1_s1_packet_spray_b256_z0.5_ep128_L60_m1_sd1/summary.json,packet,,ok,main,1,packet_spray,256,0.5,128,60,1,0,0,,role_packed,hidden,103423.00212292398,2475.2714071839628,,,,522.17,1036.259,,缺失,,"[""/home/sim/dyn_latency/results/ub_rg_system_packet/network/s1_packet_spray_dispatch_mb256_z0.5_ep128_sd1/summary.json"", ""/home/sim/dyn_latency/results/ub_rg_system_packet/network/s1_packet_spray_combine_mb256_z0.5_ep128_sd1/summary.json""]",,packet,sys1,256,128,sys1,60,0,1,0,role_packed,1,packet_spray,1,hidden,main,0.5,,,,,,,256,1036.259,522.17,,60,,1,,,,,90.0,75.0,,60,,,,,2475.2714071839628,,,103423.00212292398,,,,,,1036.259,522.17,,,,,,2,2475.2714071839628,sys1_s1_packet_spray_b256_z0.5_ep128_L60_m1_sd1,103423.00212292398,main,True
sys1,sys1_s1_packet_spray_b256_z0.5_ep128_L94_m1_sd1,sys1/sys1_s1_packet_spray_b256_z0.5_ep128_L94_m1_sd1/summary.json,packet,,ok,controls,1,packet_spray,256,0.5,128,94,1,0,0,,role_packed,hidden,161973.27622994967,1580.5076365595198,,,,522.17,1036.259,,缺失,,"[""/home/sim/dyn_latency/results/ub_rg_system_packet/network/s1_packet_spray_dispatch_mb256_z0.5_ep128_sd1/summary.json"", ""/home/sim/dyn_latency/results/ub_rg_system_packet/network/s1_packet_spray_combine_mb256_z0.5_ep128_sd1/summary.json""]",,packet,sys1,256,128,sys1,94,0,1,0,role_packed,1,packet_spray,1,hidden,controls,0.5,,,,,,,256,1036.259,522.17,,94,,1,,,,,90.0,75.0,,94,,,,,1580.5076365595198,,,161973.27622994967,,,,,,1036.259,522.17,,,,,,2,1580.5076365595198,sys1_s1_packet_spray_b256_z0.5_ep128_L94_m1_sd1,161973.27622994967,controls,True
sys1,sys1_s1_packet_spray_b256_z0.5_ep64_L60_m1_sd1,sys1/sys1_s1_packet_spray_b256_z0.5_ep64_L60_m1_sd1/summary.json,packet,,ok,controls,1,packet_spray,256,0.5,64,60,1,0,0,,role_packed,hidden,53787.76212292401,4759.446942874286,,,,282.555,448.62,,缺失,,"[""/home/sim/dyn_latency/results/ub_rg_system_packet/network/s1_packet_spray_dispatch_mb256_z0.5_ep64_sd1/summary.json"", ""/home/sim/dyn_latency/results/ub_rg_system_packet/network/s1_packet_spray_combine_mb256_z0.5_ep64_sd1/summary.json""]",,packet,sys1,256,64,sys1,60,0,1,0,role_packed,1,packet_spray,1,hidden,controls,0.5,,,,,,,256,448.62,282.555,,60,,1,,,,,90.0,75.0,,60,,,,,4759.446942874286,,,53787.76212292401,,,,,,448.62,282.555,,,,,,2,4759.446942874286,sys1_s1_packet_spray_b256_z0.5_ep64_L60_m1_sd1,53787.76212292401,controls,True
sys1,sys1_s1_packet_spray_b256_z0.9_ep128_L60_m1_sd1,sys1/sys1_s1_packet_spray_b256_z0.9_ep128_L60_m1_sd1/summary.json,packet,,ok,main,1,packet_spray,256,0.9,128,60,1,0,0,,role_packed,hidden,450163.6621229241,568.6820628584971,,,,3375.777,3961.663,,缺失,,"[""/home/sim/dyn_latency/results/ub_rg_system_packet/network/s1_packet_spray_dispatch_mb256_z0.9_ep128_sd1/summary.json"", ""/home/sim/dyn_latency/results/ub_rg_system_packet/network/s1_packet_spray_combine_mb256_z0.9_ep128_sd1/summary.json""]",,packet,sys1,256,128,sys1,60,0,1,0,role_packed,1,packet_spray,1,hidden,main,0.9,,,,,,,256,3961.663,3375.777,,60,,1,,,,,90.0,75.0,,60,,,,,568.6820628584971,,,450163.6621229241,,,,,,3961.663,3375.777,,,,,,2,568.6820628584971,sys1_s1_packet_spray_b256_z0.9_ep128_L60_m1_sd1,450163.6621229241,main,True
sys1,sys1_s1_packet_spray_b256_z0_ep128_L60_m1_sd1,sys1/sys1_s1_packet_spray_b256_z0_ep128_L60_m1_sd1/summary.json,packet,,ok,main,1,packet_spray,256,0,128,60,1,0,0,,role_packed,hidden,23043.582122923995,11109.38388981323,,,,106.753,112.019,,缺失,,"[""/home/sim/dyn_latency/results/ub_rg_system_packet/network/s1_packet_spray_dispatch_mb256_z0_ep128_sd1/summary.json"", ""/home/sim/dyn_latency/results/ub_rg_system_packet/network/s1_packet_spray_combine_mb256_z0_ep128_sd1/summary.json""]",,packet,sys1,256,128,sys1,60,0,1,0,role_packed,1,packet_spray,1,hidden,main,0.0,,,,,,,256,112.019,106.753,,60,,1,,,,,90.0,75.0,,60,,,,,11109.38388981323,,,23043.582122923995,,,,,,112.019,106.753,,,,,,2,11109.38388981323,sys1_s1_packet_spray_b256_z0_ep128_L60_m1_sd1,23043.582122923995,main,True
sys1,sys1_s1_packet_spray_b64_z0.5_ep128_L60_m1_sd1,sys1/sys1_s1_packet_spray_b64_z0.5_ep128_L60_m1_sd1/summary.json,packet,,ok,controls,1,packet_spray,64,0.5,128,60,1,0,0,,role_packed,hidden,22469.862122923972,2848.259577645854,,,,95.69,113.52,,缺失,,"[""/home/sim/dyn_latency/results/ub_rg_system_packet/network/s1_packet_spray_dispatch_mb64_z0.5_ep128_sd1/summary.json"", ""/home/sim/dyn_latency/results/ub_rg_system_packet/network/s1_packet_spray_combine_mb64_z0.5_ep128_sd1/summary.json""]",,packet,sys1,64,128,sys1,60,0,1,0,role_packed,1,packet_spray,1,hidden,controls,0.5,,,,,,,64,113.52,95.69,,60,,1,,,,,90.0,75.0,,60,,,,,2848.259577645854,,,22469.862122923972,,,,,,113.52,95.69,,,,,,2,2848.259577645854,sys1_s1_packet_spray_b64_z0.5_ep128_L60_m1_sd1,22469.862122923972,controls,True
sys1,sys1_s1_packet_spray_b64_z0.9_ep128_L60_m1_sd1,sys1/sys1_s1_packet_spray_b64_z0.9_ep128_L60_m1_sd1/summary.json,packet,,ok,controls,1,packet_spray,64,0.9,128,60,1,0,0,,role_packed,hidden,44218.662122924,1447.3526996833514,,,,208.962,362.728,,缺失,,"[""/home/sim/dyn_latency/results/ub_rg_system_packet/network/s1_packet_spray_dispatch_mb64_z0.9_ep128_sd1/summary.json"", ""/home/sim/dyn_latency/results/ub_rg_system_packet/network/s1_packet_spray_combine_mb64_z0.9_ep128_sd1/summary.json""]",,packet,sys1,64,128,sys1,60,0,1,0,role_packed,1,packet_spray,1,hidden,controls,0.9,,,,,,,64,362.728,208.962,,60,,1,,,,,90.0,75.0,,60,,,,,1447.3526996833514,,,44218.662122924,,,,,,362.728,208.962,,,,,,2,1447.3526996833514,sys1_s1_packet_spray_b64_z0.9_ep128_L60_m1_sd1,44218.662122924,controls,True
sys1,sys1_s1_packet_spray_b64_z0_ep128_L60_m1_sd1,sys1/sys1_s1_packet_spray_b64_z0_ep128_L60_m1_sd1/summary.json,packet,,ok,controls,1,packet_spray,64,0,128,60,1,0,0,,role_packed,hidden,13398.402122923988,4776.68899715282,,,,28.714,29.305,,缺失,,"[""/home/sim/dyn_latency/results/ub_rg_system_packet/network/s1_packet_spray_dispatch_mb64_z0_ep128_sd1/summary.json"", ""/home/sim/dyn_latency/results/ub_rg_system_packet/network/s1_packet_spray_combine_mb64_z0_ep128_sd1/summary.json""]",,packet,sys1,64,128,sys1,60,0,1,0,role_packed,1,packet_spray,1,hidden,controls,0.0,,,,,,,64,29.305,28.714,,60,,1,,,,,90.0,75.0,,60,,,,,4776.68899715282,,,13398.402122923988,,,,,,29.305,28.714,,,,,,2,4776.68899715282,sys1_s1_packet_spray_b64_z0_ep128_L60_m1_sd1,13398.402122923988,controls,True
sys1,sys1_s1_ub_rg_b16_z0.5_ep128_L60_m1_sd1,sys1/sys1_s1_ub_rg_b16_z0.5_ep128_L60_m1_sd1/summary.json,packet,,ok,controls,1,ub_rg,16,0.5,128,60,1,0,0,,role_packed,hidden,13359.462122923982,1197.65300824088,,,,28.285,29.085,,缺失,,"[""/home/sim/dyn_latency/results/ub_rg_system_packet/network/s1_ub_rg_dispatch_mb16_z0.5_ep128_sd1/summary.json"", ""/home/sim/dyn_latency/results/ub_rg_system_packet/network/s1_ub_rg_combine_mb16_z0.5_ep128_sd1/summary.json""]",,packet,sys1,16,128,sys1,60,0,1,0,role_packed,1,ub_rg,1,hidden,controls,0.5,,,,,,,16,29.085,28.285,,60,,1,,,,,90.0,75.0,,60,,,,,1197.65300824088,,,13359.462122923982,,,,,,29.085,28.285,,,,,,2,1197.65300824088,sys1_s1_ub_rg_b16_z0.5_ep128_L60_m1_sd1,13359.462122923982,controls,True
sys1,sys1_s1_ub_rg_b16_z0.9_ep128_L60_m1_sd1,sys1/sys1_s1_ub_rg_b16_z0.9_ep128_L60_m1_sd1/summary.json,packet,,ok,controls,1,ub_rg,16,0.9,128,60,1,0,0,,role_packed,hidden,16779.882122923984,953.5227889438781,,,,56.381,57.996,,缺失,,"[""/home/sim/dyn_latency/results/ub_rg_system_packet/network/s1_ub_rg_dispatch_mb16_z0.9_ep128_sd1/summary.json"", ""/home/sim/dyn_latency/results/ub_rg_system_packet/network/s1_ub_rg_combine_mb16_z0.9_ep128_sd1/summary.json""]",,packet,sys1,16,128,sys1,60,0,1,0,role_packed,1,ub_rg,1,hidden,controls,0.9,,,,,,,16,57.996,56.381,,60,,1,,,,,90.0,75.0,,60,,,,,953.5227889438781,,,16779.882122923984,,,,,,57.996,56.381,,,,,,2,953.5227889438781,sys1_s1_ub_rg_b16_z0.9_ep128_L60_m1_sd1,16779.882122923984,controls,True
sys1,sys1_s1_ub_rg_b16_z0_ep128_L60_m1_sd1,sys1/sys1_s1_ub_rg_b16_z0_ep128_L60_m1_sd1/summary.json,packet,,ok,controls,1,ub_rg,16,0,128,60,1,0,0,,role_packed,hidden,11133.342122923983,1437.1246139158322,,,,10.14,10.128,,缺失,,"[""/home/sim/dyn_latency/results/ub_rg_system_packet/network/s1_ub_rg_dispatch_mb16_z0_ep128_sd1/summary.json"", ""/home/sim/dyn_latency/results/ub_rg_system_packet/network/s1_ub_rg_combine_mb16_z0_ep128_sd1/summary.json""]",,packet,sys1,16,128,sys1,60,0,1,0,role_packed,1,ub_rg,1,hidden,controls,0.0,,,,,,,16,10.128,10.14,,60,,1,,,,,90.0,75.0,,60,,,,,1437.1246139158322,,,11133.342122923983,,,,,,10.128,10.14,,,,,,2,1437.1246139158322,sys1_s1_ub_rg_b16_z0_ep128_L60_m1_sd1,11133.342122923983,controls,True
sys1,sys1_s1_ub_rg_b256_z0.5_ep128_L32_m1_sd1,sys1/sys1_s1_ub_rg_b256_z0.5_ep128_L32_m1_sd1/summary.json,packet,,ok,controls,1,ub_rg,256,0.5,128,32,1,0,0,,role_packed,hidden,38462.82082987304,6655.778085864458,,,,419.159,618.226,,缺失,,"[""/home/sim/dyn_latency/results/ub_rg_system_packet/network/s1_ub_rg_dispatch_mb256_z0.5_ep128_sd1/summary.json"", ""/home/sim/dyn_latency/results/ub_rg_system_packet/network/s1_ub_rg_combine_mb256_z0.5_ep128_sd1/summary.json""]",,packet,sys1,256,128,sys1,32,0,1,0,role_packed,1,ub_rg,1,hidden,controls,0.5,,,,,,,256,618.226,419.159,,32,,1,,,,,90.0,75.0,,32,,,,,6655.778085864458,,,38462.82082987304,,,,,,618.226,419.159,,,,,,2,6655.778085864458,sys1_s1_ub_rg_b256_z0.5_ep128_L32_m1_sd1,38462.82082987304,controls,True
sys1,sys1_s1_ub_rg_b256_z0.5_ep128_L60_m1_sd1,sys1/sys1_s1_ub_rg_b256_z0.5_ep128_L60_m1_sd1/summary.json,packet,,ok,main,1,ub_rg,256,0.5,128,60,1,0,0,,role_packed,hidden,72160.36212292402,3547.6540370447156,,,,419.159,618.226,,缺失,,"[""/home/sim/dyn_latency/results/ub_rg_system_packet/network/s1_ub_rg_dispatch_mb256_z0.5_ep128_sd1/summary.json"", ""/home/sim/dyn_latency/results/ub_rg_system_packet/network/s1_ub_rg_combine_mb256_z0.5_ep128_sd1/summary.json""]",,packet,sys1,256,128,sys1,60,0,1,0,role_packed,1,ub_rg,1,hidden,main,0.5,,,,,,,256,618.226,419.159,,60,,1,,,,,90.0,75.0,,60,,,,,3547.6540370447156,,,72160.36212292402,,,,,,618.226,419.159,,,,,,2,3547.6540370447156,sys1_s1_ub_rg_b256_z0.5_ep128_L60_m1_sd1,72160.36212292402,main,True
sys1,sys1_s1_ub_rg_b256_z0.5_ep128_L94_m1_sd1,sys1/sys1_s1_ub_rg_b256_z0.5_ep128_L94_m1_sd1/summary.json,packet,,ok,controls,1,ub_rg,256,0.5,128,94,1,0,0,,role_packed,hidden,112995.14022994961,2265.584161221711,,,,419.159,618.226,,缺失,,"[""/home/sim/dyn_latency/results/ub_rg_system_packet/network/s1_ub_rg_dispatch_mb256_z0.5_ep128_sd1/summary.json"", ""/home/sim/dyn_latency/results/ub_rg_system_packet/network/s1_ub_rg_combine_mb256_z0.5_ep128_sd1/summary.json""]",,packet,sys1,256,128,sys1,94,0,1,0,role_packed,1,ub_rg,1,hidden,controls,0.5,,,,,,,256,618.226,419.159,,94,,1,,,,,90.0,75.0,,94,,,,,2265.584161221711,,,112995.14022994961,,,,,,618.226,419.159,,,,,,2,2265.584161221711,sys1_s1_ub_rg_b256_z0.5_ep128_L94_m1_sd1,112995.14022994961,controls,True
sys1,sys1_s1_ub_rg_b256_z0.5_ep64_L60_m1_sd1,sys1/sys1_s1_ub_rg_b256_z0.5_ep64_L60_m1_sd1/summary.json,packet,,ok,controls,1,ub_rg,256,0.5,64,60,1,0,0,,role_packed,hidden,54426.882122923955,4703.558058347345,,,,300.987,440.84,,缺失,,"[""/home/sim/dyn_latency/results/ub_rg_system_packet/network/s1_ub_rg_dispatch_mb256_z0.5_ep64_sd1/summary.json"", ""/home/sim/dyn_latency/results/ub_rg_system_packet/network/s1_ub_rg_combine_mb256_z0.5_ep64_sd1/summary.json""]",,packet,sys1,256,64,sys1,60,0,1,0,role_packed,1,ub_rg,1,hidden,controls,0.5,,,,,,,256,440.84,300.987,,60,,1,,,,,90.0,75.0,,60,,,,,4703.558058347345,,,54426.882122923955,,,,,,440.84,300.987,,,,,,2,4703.558058347345,sys1_s1_ub_rg_b256_z0.5_ep64_L60_m1_sd1,54426.882122923955,controls,True
sys1,sys1_s1_ub_rg_b256_z0.9_ep128_L60_m1_sd1,sys1/sys1_s1_ub_rg_b256_z0.9_ep128_L60_m1_sd1/summary.json,packet,,ok,main,1,ub_rg,256,0.9,128,60,1,0,0,,role_packed,hidden,162695.26212292394,1573.4938845765523,,,,954.663,1591.637,,缺失,,"[""/home/sim/dyn_latency/results/ub_rg_system_packet/network/s1_ub_rg_dispatch_mb256_z0.9_ep128_sd1/summary.json"", ""/home/sim/dyn_latency/results/ub_rg_system_packet/network/s1_ub_rg_combine_mb256_z0.9_ep128_sd1/summary.json""]",,packet,sys1,256,128,sys1,60,0,1,0,role_packed,1,ub_rg,1,hidden,main,0.9,,,,,,,256,1591.637,954.663,,60,,1,,,,,90.0,75.0,,60,,,,,1573.4938845765523,,,162695.26212292394,,,,,,1591.637,954.663,,,,,,2,1573.4938845765523,sys1_s1_ub_rg_b256_z0.9_ep128_L60_m1_sd1,162695.26212292394,main,True
sys1,sys1_s1_ub_rg_b256_z0_ep128_L60_m1_sd1,sys1/sys1_s1_ub_rg_b256_z0_ep128_L60_m1_sd1/summary.json,packet,,ok,main,1,ub_rg,256,0,128,60,1,0,0,,role_packed,hidden,27995.32212292398,9144.384868155323,,,,155.146,146.155,,缺失,,"[""/home/sim/dyn_latency/results/ub_rg_system_packet/network/s1_ub_rg_dispatch_mb256_z0_ep128_sd1/summary.json"", ""/home/sim/dyn_latency/results/ub_rg_system_packet/network/s1_ub_rg_combine_mb256_z0_ep128_sd1/summary.json""]",,packet,sys1,256,128,sys1,60,0,1,0,role_packed,1,ub_rg,1,hidden,main,0.0,,,,,,,256,146.155,155.146,,60,,1,,,,,90.0,75.0,,60,,,,,9144.384868155323,,,27995.32212292398,,,,,,146.155,155.146,,,,,,2,9144.384868155323,sys1_s1_ub_rg_b256_z0_ep128_L60_m1_sd1,27995.32212292398,main,True
sys1,sys1_s1_ub_rg_b64_z0.5_ep128_L60_m1_sd1,sys1/sys1_s1_ub_rg_b64_z0.5_ep128_L60_m1_sd1/summary.json,packet,,ok,controls,1,ub_rg,64,0.5,128,60,1,0,0,,role_packed,hidden,24070.602122923978,2658.844995782166,,,,107.582,128.307,,缺失,,"[""/home/sim/dyn_latency/results/ub_rg_system_packet/network/s1_ub_rg_dispatch_mb64_z0.5_ep128_sd1/summary.json"", ""/home/sim/dyn_latency/results/ub_rg_system_packet/network/s1_ub_rg_combine_mb64_z0.5_ep128_sd1/summary.json""]",,packet,sys1,64,128,sys1,60,0,1,0,role_packed,1,ub_rg,1,hidden,controls,0.5,,,,,,,64,128.307,107.582,,60,,1,,,,,90.0,75.0,,60,,,,,2658.844995782166,,,24070.602122923978,,,,,,128.307,107.582,,,,,,2,2658.844995782166,sys1_s1_ub_rg_b64_z0.5_ep128_L60_m1_sd1,24070.602122923978,controls,True
sys1,sys1_s1_ub_rg_b64_z0.9_ep128_L60_m1_sd1,sys1/sys1_s1_ub_rg_b64_z0.9_ep128_L60_m1_sd1/summary.json,packet,,ok,controls,1,ub_rg,64,0.9,128,60,1,0,0,,role_packed,hidden,39874.54212292399,1605.0341042839516,,,,222.157,277.131,,缺失,,"[""/home/sim/dyn_latency/results/ub_rg_system_packet/network/s1_ub_rg_dispatch_mb64_z0.9_ep128_sd1/summary.json"", ""/home/sim/dyn_latency/results/ub_rg_system_packet/network/s1_ub_rg_combine_mb64_z0.9_ep128_sd1/summary.json""]",,packet,sys1,64,128,sys1,60,0,1,0,role_packed,1,ub_rg,1,hidden,controls,0.9,,,,,,,64,277.131,222.157,,60,,1,,,,,90.0,75.0,,60,,,,,1605.0341042839516,,,39874.54212292399,,,,,,277.131,222.157,,,,,,2,1605.0341042839516,sys1_s1_ub_rg_b64_z0.9_ep128_L60_m1_sd1,39874.54212292399,controls,True
sys1,sys1_s1_ub_rg_b64_z0_ep128_L60_m1_sd1,sys1/sys1_s1_ub_rg_b64_z0_ep128_L60_m1_sd1/summary.json,packet,,ok,controls,1,ub_rg,64,0,128,60,1,0,0,,role_packed,hidden,13958.50212292399,4585.019183032044,,,,32.375,34.979,,缺失,,"[""/home/sim/dyn_latency/results/ub_rg_system_packet/network/s1_ub_rg_dispatch_mb64_z0_ep128_sd1/summary.json"", ""/home/sim/dyn_latency/results/ub_rg_system_packet/network/s1_ub_rg_combine_mb64_z0_ep128_sd1/summary.json""]",,packet,sys1,64,128,sys1,60,0,1,0,role_packed,1,ub_rg,1,hidden,controls,0.0,,,,,,,64,34.979,32.375,,60,,1,,,,,90.0,75.0,,60,,,,,4585.019183032044,,,13958.50212292399,,,,,,34.979,32.375,,,,,,2,4585.019183032044,sys1_s1_ub_rg_b64_z0_ep128_L60_m1_sd1,13958.50212292399,controls,True
sys2,sys2_s1_packet_spray_b256_z0.5_ep128_L60_m1_sd1,sys2/sys2_s1_packet_spray_b256_z0.5_ep128_L60_m1_sd1/summary.json,packet,,ok,controls,1,packet_spray,256,0.5,128,60,1,0,0,,role_packed,hidden,103423.00212292401,2475.271407183962,103423.00212292401,1.0,,522.17,1036.259,0.0,0.0% 通讯重叠,communication event time overlapped by compute events,"[""/home/sim/dyn_latency/results/ub_rg_system_packet/network/s1_packet_spray_dispatch_mb256_z0.5_ep128_sd1/summary.json"", ""/home/sim/dyn_latency/results/ub_rg_system_packet/network/s1_packet_spray_combine_mb256_z0.5_ep128_sd1/summary.json""]",,packet,sys2,256,128,sys2,60,0,1,0,role_packed,1,packet_spray,1,hidden,controls,0.5,,93505.74,0.9041097055842878,9917.262122923998,0.09589029441571208,,256,1036.259,522.17,,60,1,1,,,,,90.0,75.0,240,,,,,,2475.271407183962,,,103423.00212292401,,,,,,1036.259,522.17,,,,,,2,2475.271407183962,sys2_s1_packet_spray_b256_z0.5_ep128_L60_m1_sd1,103423.00212292401,controls,True
sys2,sys2_s1_packet_spray_b256_z0.5_ep128_L60_m2_sd1,sys2/sys2_s1_packet_spray_b256_z0.5_ep128_L60_m2_sd1/summary.json,packet,,ok,main,1,packet_spray,256,0.5,128,60,2,0,0,,role_packed,hidden,66130.17546366161,3871.1525896475423,103423.00212292401,1.5639305566300021,,208.719,341.724,0.2982492506002066,29.8% 通讯重叠,communication event time overlapped by compute events,"[""/home/sim/dyn_latency/results/ub_rg_system_packet/network/s1_packet_spray_dispatch_mb128_z0.5_ep128_sd1/summary.json"", ""/home/sim/dyn_latency/results/ub_rg_system_packet/network/s1_packet_spray_combine_mb128_z0.5_ep128_sd1/summary.json""]",,packet,sys2,256,128,sys2,60,0,2,0,role_packed,1,packet_spray,1,hidden,main,0.5,,66053.15999999993,0.99883539604845,19777.320933437204,0.2990665122959609,,256,341.724,208.719,,60,2,1,,,,,90.0,75.0,480,,,,,,3871.1525896475423,,,66130.17546366161,,,,,,341.724,208.719,,,,,,2,3871.1525896475423,sys2_s1_packet_spray_b256_z0.5_ep128_L60_m2_sd1,66130.17546366161,main,True
sys2,sys2_s1_packet_spray_b256_z0.5_ep128_L60_m4_sd1,sys2/sys2_s1_packet_spray_b256_z0.5_ep128_L60_m4_sd1/summary.json,packet,,ok,controls,1,packet_spray,256,0.5,128,60,4,0,0,,role_packed,hidden,50287.415463661586,5090.736870042353,103423.00212292401,2.0566378520220225,,95.69,113.52,0.7866469552308758,78.7% 通讯重叠,communication event time overlapped by compute events,"[""/home/sim/dyn_latency/results/ub_rg_system_packet/network/s1_packet_spray_dispatch_mb64_z0.5_ep128_sd1/summary.json"", ""/home/sim/dyn_latency/results/ub_rg_system_packet/network/s1_packet_spray_combine_mb64_z0.5_ep128_sd1/summary.json""]",,packet,sys2,256,128,sys2,60,0,4,0,role_packed,1,packet_spray,1,hidden,controls,0.5,,50210.3999999999,0.9984684942952111,39574.87374458597,0.7869737066360738,,256,113.52,95.69,,60,4,1,,,,,90.0,75.0,960,,,,,,5090.736870042353,,,50287.415463661586,,,,,,113.52,95.69,,,,,,2,5090.736870042353,sys2_s1_packet_spray_b256_z0.5_ep128_L60_m4_sd1,50287.415463661586,controls,True
sys2,sys2_s1_packet_spray_b256_z0.9_ep128_L60_m1_sd1,sys2/sys2_s1_packet_spray_b256_z0.9_ep128_L60_m1_sd1/summary.json,packet,,ok,controls,1,packet_spray,256,0.9,128,60,1,0,0,,role_packed,hidden,450163.6621229242,568.682062858497,450163.6621229242,1.0,,3375.777,3961.663,0.0,0.0% 通讯重叠,communication event time overlapped by compute events,"[""/home/sim/dyn_latency/results/ub_rg_system_packet/network/s1_packet_spray_dispatch_mb256_z0.9_ep128_sd1/summary.json"", ""/home/sim/dyn_latency/results/ub_rg_system_packet/network/s1_packet_spray_combine_mb256_z0.9_ep128_sd1/summary.json""]",,packet,sys2,256,128,sys2,60,0,1,0,role_packed,1,packet_spray,1,hidden,controls,0.9,,440246.4000000001,0.9779696520235434,9917.262122924098,0.022030347976456695,,256,3961.663,3375.777,,60,1,1,,,,,90.0,75.0,240,,,,,,568.682062858497,,,450163.6621229242,,,,,,3961.663,3375.777,,,,,,2,568.682062858497,sys2_s1_packet_spray_b256_z0.9_ep128_L60_m1_sd1,450163.6621229242,controls,True
sys2,sys2_s1_packet_spray_b256_z0.9_ep128_L60_m2_sd1,sys2/sys2_s1_packet_spray_b256_z0.9_ep128_L60_m2_sd1/summary.json,packet,,ok,main,1,packet_spray,256,0.9,128,60,2,0,0,,role_packed,hidden,231550.65546366095,1105.5896148831075,450163.6621229242,1.944126054065832,,696.664,1232.283,0.08510820268681854,8.5% 通讯重叠,communication event time overlapped by compute events,"[""/home/sim/dyn_latency/results/ub_rg_system_packet/network/s1_packet_spray_dispatch_mb128_z0.9_ep128_sd1/summary.json"", ""/home/sim/dyn_latency/results/ub_rg_system_packet/network/s1_packet_spray_combine_mb128_z0.9_ep128_sd1/summary.json""]",,packet,sys2,256,128,sys2,60,0,2,0,role_packed,1,packet_spray,1,hidden,main,0.9,,231473.63999999926,0.9996673925905868,19777.32093343729,0.08541250247741622,,256,1232.283,696.664,,60,2,1,,,,,90.0,75.0,480,,,,,,1105.5896148831075,,,231550.65546366095,,,,,,1232.283,696.664,,,,,,2,1105.5896148831075,sys2_s1_packet_spray_b256_z0.9_ep128_L60_m2_sd1,231550.65546366095,main,True
sys2,sys2_s1_packet_spray_b256_z0.9_ep128_L60_m4_sd1,sys2/sys2_s1_packet_spray_b256_z0.9_ep128_L60_m4_sd1/summary.json,packet,,ok,controls,1,packet_spray,256,0.9,128,60,4,0,0,,role_packed,hidden,137282.61546366208,1864.7663372043035,450163.6621229242,3.279101731872816,,208.962,362.728,0.28787351449885606,28.8% 通讯重叠,communication event time overlapped by compute events,"[""/home/sim/dyn_latency/results/ub_rg_system_packet/network/s1_packet_spray_dispatch_mb64_z0.9_ep128_sd1/summary.json"", ""/home/sim/dyn_latency/results/ub_rg_system_packet/network/s1_packet_spray_combine_mb64_z0.9_ep128_sd1/summary.json""]",,packet,sys2,256,128,sys2,60,0,4,0,role_packed,1,packet_spray,1,hidden,controls,0.9,,137205.60000000038,0.9994390006090605,39574.873744586046,0.28827301702349406,,256,362.728,208.962,,60,4,1,,,,,90.0,75.0,960,,,,,,1864.7663372043035,,,137282.61546366208,,,,,,362.728,208.962,,,,,,2,1864.7663372043035,sys2_s1_packet_spray_b256_z0.9_ep128_L60_m4_sd1,137282.61546366208,controls,True
sys2,sys2_s1_packet_spray_b256_z0_ep128_L60_m1_sd1,sys2/sys2_s1_packet_spray_b256_z0_ep128_L60_m1_sd1/summary.json,packet,,ok,controls,1,packet_spray,256,0,128,60,1,0,0,,role_packed,hidden,23043.582122924032,11109.383889813213,23043.582122924032,1.0,,106.753,112.019,0.0,0.0% 通讯重叠,communication event time overlapped by compute events,"[""/home/sim/dyn_latency/results/ub_rg_system_packet/network/s1_packet_spray_dispatch_mb256_z0_ep128_sd1/summary.json"", ""/home/sim/dyn_latency/results/ub_rg_system_packet/network/s1_packet_spray_combine_mb256_z0_ep128_sd1/summary.json""]",,packet,sys2,256,128,sys2,60,0,1,0,role_packed,1,packet_spray,1,hidden,controls,0.0,,13126.320000000032,0.5696301872677083,9917.262122924,0.43036981273229163,,256,112.019,106.753,,60,1,1,,,,,90.0,75.0,240,,,,,,11109.383889813213,,,23043.582122924032,,,,,,112.019,106.753,,,,,,2,11109.383889813213,sys2_s1_packet_spray_b256_z0_ep128_L60_m1_sd1,23043.582122924032,controls,True
sys2,sys2_s1_packet_spray_b256_z0_ep128_L60_m2_sd1,sys2/sys2_s1_packet_spray_b256_z0_ep128_L60_m2_sd1/summary.json,packet,,ok,main,1,packet_spray,256,0,128,60,2,0,0,,role_packed,hidden,19834.75593343719,12906.637261335709,23043.582122924032,1.1617779518061748,,54.977,57.435,0.9957422250293562,99.6% 通讯重叠,communication event time overlapped by compute events,"[""/home/sim/dyn_latency/results/ub_rg_system_packet/network/s1_packet_spray_dispatch_mb128_z0_ep128_sd1/summary.json"", ""/home/sim/dyn_latency/results/ub_rg_system_packet/network/s1_packet_spray_combine_mb128_z0_ep128_sd1/summary.json""]",,packet,sys2,256,128,sys2,60,0,2,0,role_packed,1,packet_spray,1,hidden,main,0.0,,13489.440000000026,0.6800910505412215,19777.32093343719,0.9971043253472467,,256,57.435,54.977,,60,2,1,,,,,90.0,75.0,480,,,,,,12906.637261335709,,,19834.75593343719,,,,,,57.435,54.977,,,,,,2,12906.637261335709,sys2_s1_packet_spray_b256_z0_ep128_L60_m2_sd1,19834.75593343719,main,True
sys2,sys2_s1_packet_spray_b256_z0_ep128_L60_m4_sd1,sys2/sys2_s1_packet_spray_b256_z0_ep128_L60_m4_sd1/summary.json,packet,,ok,controls,1,packet_spray,256,0,128,60,4,0,0,,role_packed,hidden,39604.17874458599,6463.964362220135,23043.582122924032,0.5818472407049764,,28.714,29.305,0.9978954451702603,99.8% 通讯重叠,communication event time overlapped by compute events,"[""/home/sim/dyn_latency/results/ub_rg_system_packet/network/s1_packet_spray_dispatch_mb64_z0_ep128_sd1/summary.json"", ""/home/sim/dyn_latency/results/ub_rg_system_packet/network/s1_packet_spray_combine_mb64_z0_ep128_sd1/summary.json""]",,packet,sys2,256,128,sys2,60,0,4,0,role_packed,1,packet_spray,1,hidden,controls,0.0,,13924.560000000049,0.3515932015609231,39574.87374458599,0.9992600528295513,,256,29.305,28.714,,60,4,1,,,,,90.0,75.0,960,,,,,,6463.964362220135,,,39604.17874458599,,,,,,29.305,28.714,,,,,,2,6463.964362220135,sys2_s1_packet_spray_b256_z0_ep128_L60_m4_sd1,39604.17874458599,controls,True
sys2,sys2_s1_ub_rg_b256_z0.5_ep128_L60_m1_sd1,sys2/sys2_s1_ub_rg_b256_z0.5_ep128_L60_m1_sd1/summary.json,packet,,ok,controls,1,ub_rg,256,0.5,128,60,1,0,0,,role_packed,hidden,72160.362122924,3547.654037044717,72160.362122924,1.0,,419.159,618.226,0.0,0.0% 通讯重叠,communication event time overlapped by compute events,"[""/home/sim/dyn_latency/results/ub_rg_system_packet/network/s1_ub_rg_dispatch_mb256_z0.5_ep128_sd1/summary.json"", ""/home/sim/dyn_latency/results/ub_rg_system_packet/network/s1_ub_rg_combine_mb256_z0.5_ep128_sd1/summary.json""]",,packet,sys2,256,128,sys2,60,0,1,0,role_packed,1,ub_rg,1,hidden,controls,0.5,,62243.100000000006,0.8625663476296017,9917.262122923988,0.13743365237039823,,256,618.226,419.159,,60,1,1,,,,,90.0,75.0,240,,,,,,3547.654037044717,,,72160.362122924,,,,,,618.226,419.159,,,,,,2,3547.654037044717,sys2_s1_ub_rg_b256_z0.5_ep128_L60_m1_sd1,72160.362122924,controls,True
sys2,sys2_s1_ub_rg_b256_z0.5_ep128_L60_m2_sd1,sys2/sys2_s1_ub_rg_b256_z0.5_ep128_L60_m2_sd1/summary.json,packet,,ok,main,1,ub_rg,256,0.5,128,60,2,0,0,,role_packed,hidden,55444.77546366179,4617.206902889904,72160.362122924,1.3014817269882806,,208.146,253.252,0.35580824417992485,35.6% 通讯重叠,communication event time overlapped by compute events,"[""/home/sim/dyn_latency/results/ub_rg_system_packet/network/s1_ub_rg_dispatch_mb128_z0.5_ep128_sd1/summary.json"", ""/home/sim/dyn_latency/results/ub_rg_system_packet/network/s1_ub_rg_combine_mb128_z0.5_ep128_sd1/summary.json""]",,packet,sys2,256,128,sys2,60,0,2,0,role_packed,1,ub_rg,1,hidden,main,0.5,,55367.760000000104,0.9986109518341875,19777.3209334372,0.3567030575567783,,256,253.252,208.146,,60,2,1,,,,,90.0,75.0,480,,,,,,4617.206902889904,,,55444.77546366179,,,,,,253.252,208.146,,,,,,2,4617.206902889904,sys2_s1_ub_rg_b256_z0.5_ep128_L60_m2_sd1,55444.77546366179,main,True
sys2,sys2_s1_ub_rg_b256_z0.5_ep128_L60_m4_sd1,sys2/sys2_s1_ub_rg_b256_z0.5_ep128_L60_m4_sd1/summary.json,packet,,ok,controls,1,ub_rg,256,0.5,128,60,4,0,0,,role_packed,hidden,56690.37546366195,4515.757708538971,72160.362122924,1.272885591826397,,107.582,128.307,0.6976773376624189,69.8% 通讯重叠,communication event time overlapped by compute events,"[""/home/sim/dyn_latency/results/ub_rg_system_packet/network/s1_ub_rg_dispatch_mb64_z0.5_ep128_sd1/summary.json"", ""/home/sim/dyn_latency/results/ub_rg_system_packet/network/s1_ub_rg_combine_mb64_z0.5_ep128_sd1/summary.json""]",,packet,sys2,256,128,sys2,60,0,4,0,role_packed,1,ub_rg,1,hidden,controls,0.5,,56613.36000000026,0.9986414719777071,39574.87374458595,0.6980880514709787,,256,128.307,107.582,,60,4,1,,,,,90.0,75.0,960,,,,,,4515.757708538971,,,56690.37546366195,,,,,,128.307,107.582,,,,,,2,4515.757708538971,sys2_s1_ub_rg_b256_z0.5_ep128_L60_m4_sd1,56690.37546366195,controls,True
sys2,sys2_s1_ub_rg_b256_z0.9_ep128_L60_m1_sd1,sys2/sys2_s1_ub_rg_b256_z0.9_ep128_L60_m1_sd1/summary.json,packet,,ok,controls,1,ub_rg,256,0.9,128,60,1,0,0,,role_packed,hidden,162695.26212292392,1573.4938845765525,162695.26212292392,1.0,,954.663,1591.637,0.0,0.0% 通讯重叠,communication event time overlapped by compute events,"[""/home/sim/dyn_latency/results/ub_rg_system_packet/network/s1_ub_rg_dispatch_mb256_z0.9_ep128_sd1/summary.json"", ""/home/sim/dyn_latency/results/ub_rg_system_packet/network/s1_ub_rg_combine_mb256_z0.9_ep128_sd1/summary.json""]",,packet,sys2,256,128,sys2,60,0,1,0,role_packed,1,ub_rg,1,hidden,controls,0.9,,152777.99999999997,0.9390439402259239,9917.262122923954,0.06095605977407625,,256,1591.637,954.663,,60,1,1,,,,,90.0,75.0,240,,,,,,1573.4938845765525,,,162695.26212292392,,,,,,1591.637,954.663,,,,,,2,1573.4938845765525,sys2_s1_ub_rg_b256_z0.9_ep128_L60_m1_sd1,162695.26212292392,controls,True
sys2,sys2_s1_ub_rg_b256_z0.9_ep128_L60_m2_sd1,sys2/sys2_s1_ub_rg_b256_z0.9_ep128_L60_m2_sd1/summary.json,packet,,ok,main,1,ub_rg,256,0.9,128,60,2,0,0,,role_packed,hidden,122095.41546366211,2096.7208230368847,162695.26212292392,1.332525562119448,,440.705,576.115,0.1614535633132008,16.1% 通讯重叠,communication event time overlapped by compute events,"[""/home/sim/dyn_latency/results/ub_rg_system_packet/network/s1_ub_rg_dispatch_mb128_z0.9_ep128_sd1/summary.json"", ""/home/sim/dyn_latency/results/ub_rg_system_packet/network/s1_ub_rg_combine_mb128_z0.9_ep128_sd1/summary.json""]",,packet,sys2,256,128,sys2,60,0,2,0,role_packed,1,ub_rg,1,hidden,main,0.9,,122018.40000000043,0.9993692190376747,19777.320933437215,0.16198250244148862,,256,576.115,440.705,,60,2,1,,,,,90.0,75.0,480,,,,,,2096.7208230368847,,,122095.41546366211,,,,,,576.115,440.705,,,,,,2,2096.7208230368847,sys2_s1_ub_rg_b256_z0.9_ep128_L60_m2_sd1,122095.41546366211,main,True
sys2,sys2_s1_ub_rg_b256_z0.9_ep128_L60_m4_sd1,sys2/sys2_s1_ub_rg_b256_z0.9_ep128_L60_m4_sd1/summary.json,packet,,ok,controls,1,ub_rg,256,0.9,128,60,4,0,0,,role_packed,hidden,119906.13546366176,2135.0033424901953,162695.26212292392,1.3568551892178164,,222.157,277.131,0.32961819531783504,33.0% 通讯重叠,communication event time overlapped by compute events,"[""/home/sim/dyn_latency/results/ub_rg_system_packet/network/s1_ub_rg_dispatch_mb64_z0.9_ep128_sd1/summary.json"", ""/home/sim/dyn_latency/results/ub_rg_system_packet/network/s1_ub_rg_combine_mb64_z0.9_ep128_sd1/summary.json""]",,packet,sys2,256,128,sys2,60,0,4,0,role_packed,1,ub_rg,1,hidden,controls,0.9,,119829.12000000008,0.9993577020611675,39574.873744586,0.33004878016921324,,256,277.131,222.157,,60,4,1,,,,,90.0,75.0,960,,,,,,2135.0033424901953,,,119906.13546366176,,,,,,277.131,222.157,,,,,,2,2135.0033424901953,sys2_s1_ub_rg_b256_z0.9_ep128_L60_m4_sd1,119906.13546366176,controls,True
sys2,sys2_s1_ub_rg_b256_z0_ep128_L60_m1_sd1,sys2/sys2_s1_ub_rg_b256_z0_ep128_L60_m1_sd1/summary.json,packet,,ok,controls,1,ub_rg,256,0,128,60,1,0,0,,role_packed,hidden,27995.322122924008,9144.384868155314,27995.322122924008,1.0,,155.146,146.155,0.0,0.0% 通讯重叠,communication event time overlapped by compute events,"[""/home/sim/dyn_latency/results/ub_rg_system_packet/network/s1_ub_rg_dispatch_mb256_z0_ep128_sd1/summary.json"", ""/home/sim/dyn_latency/results/ub_rg_system_packet/network/s1_ub_rg_combine_mb256_z0_ep128_sd1/summary.json""]",,packet,sys2,256,128,sys2,60,0,1,0,role_packed,1,ub_rg,1,hidden,controls,0.0,,18078.06000000001,0.6457528840218903,9917.262122924001,0.3542471159781097,,256,146.155,155.146,,60,1,1,,,,,90.0,75.0,240,,,,,,9144.384868155314,,,27995.322122924008,,,,,,146.155,155.146,,,,,,2,9144.384868155314,sys2_s1_ub_rg_b256_z0_ep128_L60_m1_sd1,27995.322122924008,controls,True
sys2,sys2_s1_ub_rg_b256_z0_ep128_L60_m2_sd1,sys2/sys2_s1_ub_rg_b256_z0_ep128_L60_m2_sd1/summary.json,packet,,ok,main,1,ub_rg,256,0,128,60,2,0,0,,role_packed,hidden,19854.200032486024,12893.99721878118,27995.322122924008,1.4100453343432242,,75.925,72.983,0.9956976175978437,99.6% 通讯重叠,communication event time overlapped by compute events,"[""/home/sim/dyn_latency/results/ub_rg_system_packet/network/s1_ub_rg_dispatch_mb128_z0_ep128_sd1/summary.json"", ""/home/sim/dyn_latency/results/ub_rg_system_packet/network/s1_ub_rg_combine_mb128_z0_ep128_sd1/summary.json""]",,packet,sys2,256,128,sys2,60,0,2,0,role_packed,1,ub_rg,1,hidden,main,0.0,,17868.959999999974,0.9000090646191867,19777.32093343719,0.9961278168386013,,256,72.983,75.925,,60,2,1,,,,,90.0,75.0,480,,,,,,12893.99721878118,,,19854.200032486024,,,,,,72.983,75.925,,,,,,2,12893.99721878118,sys2_s1_ub_rg_b256_z0_ep128_L60_m2_sd1,19854.200032486024,main,True
sys2,sys2_s1_ub_rg_b256_z0_ep128_L60_m4_sd1,sys2/sys2_s1_ub_rg_b256_z0_ep128_L60_m4_sd1/summary.json,packet,,ok,controls,1,ub_rg,256,0,128,60,4,0,0,,role_packed,hidden,39609.85274458599,6463.038417505629,27995.322122924008,0.7067767280894652,,32.375,34.979,0.9978361220813415,99.8% 通讯重叠,communication event time overlapped by compute events,"[""/home/sim/dyn_latency/results/ub_rg_system_packet/network/s1_ub_rg_dispatch_mb64_z0_ep128_sd1/summary.json"", ""/home/sim/dyn_latency/results/ub_rg_system_packet/network/s1_ub_rg_combine_mb64_z0_ep128_sd1/summary.json""]",,packet,sys2,256,128,sys2,60,0,4,0,role_packed,1,ub_rg,1,hidden,controls,0.0,,16164.95999999988,0.408104521474379,39574.87374458599,0.9991169116374768,,256,34.979,32.375,,60,4,1,,,,,90.0,75.0,960,,,,,,6463.038417505629,,,39609.85274458599,,,,,,34.979,32.375,,,,,,2,6463.038417505629,sys2_s1_ub_rg_b256_z0_ep128_L60_m4_sd1,39609.85274458599,controls,True
sys3,sys3_s1_packet_spray_b256_z0.5_ep128_L60_m1_M112_N16_hidden_role_packed_sd1,sys3/sys3_s1_packet_spray_b256_z0.5_ep128_L60_m1_M112_N16_hidden_role_packed_sd1/summary.json,packet,,ok,controls,1,packet_spray,256,0.5,128,60,1,112,16,7.0,role_packed,hidden,10834.34064426434,20675.000662692357,,,3079.751,,,0.01219847342973101,1.2%,m*Tf/(2*(Tf+Tc)); >=1 means bidirectional hide,"[""/home/sim/dyn_latency/results/ub_rg_system_packet/network/s1_packet_spray_afd_m2n_mb256_z0.5_ep128_M112_N16_role_packed_sd1/summary.json"", ""/home/sim/dyn_latency/results/ub_rg_system_packet/network/s1_packet_spray_afd_n2m_mb256_z0.5_ep128_M112_N16_role_packed_sd1/summary.json""]",2646400.0848246217,packet,sys3,256,128,sys3,60,112,1,16,role_packed,1,packet_spray,1,hidden,controls,0.5,2646400.0848246217,,,,,112,256,,,16,60,1,1,,3079.751,hidden,,90.0,75.0,,,False,True,False,False,20675.000662692357,6290.428288224866,4543.912356039475,10834.34064426434,77.01546366168601,3079.751,hidden,53.910824563180206,77.01546366168601,,,1366.94,3079.751,single-seed CCT; no cross-seed P99,"max(m2n_cct_us,n2m_cct_us)",3079.751,2,20675.000662692357,sys3_s1_packet_spray_b256_z0.5_ep128_L60_m1_M112_N16_hidden_role_packed_sd1,10834.34064426434,controls,True
sys3,sys3_s1_packet_spray_b256_z0.5_ep128_L60_m2_M112_N16_hidden_role_packed_sd1,sys3/sys3_s1_packet_spray_b256_z0.5_ep128_L60_m2_M112_N16_hidden_role_packed_sd1/summary.json,packet,,ok,main,1,packet_spray,256,0.5,128,60,2,112,16,7.0,role_packed,hidden,11285.248463965501,19848.920536862428,,,994.741,,,0.07185910817702049,7.2%,m*Tf/(2*(Tf+Tc)); >=1 means bidirectional hide,"[""/home/sim/dyn_latency/results/ub_rg_system_packet/network/s1_packet_spray_afd_m2n_mb128_z0.5_ep128_M112_N16_role_packed_sd1/summary.json"", ""/home/sim/dyn_latency/results/ub_rg_system_packet/network/s1_packet_spray_afd_n2m_mb128_z0.5_ep128_M112_N16_role_packed_sd1/summary.json""]",2540661.828718391,packet,sys3,256,128,sys3,60,112,2,16,role_packed,1,packet_spray,1,hidden,main,0.5,2540661.828718391,,,,,112,256,,,16,60,2,1,,994.741,hidden,,90.0,75.0,,,False,True,False,False,19848.920536862428,2120.4082882248663,9164.840175740635,11285.248463965501,77.01546366168601,994.741,hidden,53.910824563180206,77.01546366168601,,,584.72,994.741,single-seed CCT; no cross-seed P99,"max(m2n_cct_us,n2m_cct_us)",994.741,2,19848.920536862428,sys3_s1_packet_spray_b256_z0.5_ep128_L60_m2_M112_N16_hidden_role_packed_sd1,11285.248463965501,main,True
sys3,sys3_s1_packet_spray_b256_z0.5_ep128_L60_m2_M124_N4_exposed_role_packed_sd1,sys3/sys3_s1_packet_spray_b256_z0.5_ep128_L60_m2_M124_N4_exposed_role_packed_sd1/summary.json,packet,,ok,controls,1,packet_spray,256,0.5,128,60,2,124,4,31.0,role_packed,exposed,15309.539794884706,16199.049959872922,,,1609.056,,,0.05857799123127531,5.9%,m*Tf/(2*(Tf+Tc)); >=1 means bidirectional hide,"[""/home/sim/dyn_latency/results/ub_rg_system_packet/network/s1_packet_spray_afd_m2n_mb128_z0.5_ep128_M124_N4_role_packed_sd1/summary.json"", ""/home/sim/dyn_latency/results/ub_rg_system_packet/network/s1_packet_spray_afd_n2m_mb128_z0.5_ep128_M124_N4_role_packed_sd1/summary.json""]",2073478.394863734,packet,sys3,256,128,sys3,60,124,2,4,role_packed,1,packet_spray,1,exposed,controls,0.5,2073478.394863734,,,,,124,256,,,4,60,2,1,,1609.056,exposed,,90.0,75.0,,,False,False,False,False,16199.049959872922,3395.2475664218778,11914.292228462828,15309.539794884706,77.01546366168601,1609.056,exposed,100.12010276019183,100.12010276019183,,,599.07,1609.056,single-seed CCT; no cross-seed P99,"max(m2n_cct_us,n2m_cct_us)",1609.056,2,16199.049959872922,sys3_s1_packet_spray_b256_z0.5_ep128_L60_m2_M124_N4_exposed_role_packed_sd1,15309.539794884706,controls,True
sys3,sys3_s1_packet_spray_b256_z0.5_ep128_L60_m2_M64_N64_hidden_role_packed_sd1,sys3/sys3_s1_packet_spray_b256_z0.5_ep128_L60_m2_M64_N64_hidden_role_packed_sd1/summary.json,packet,,ok,controls,1,packet_spray,256,0.5,128,60,2,64,64,1.0,role_packed,hidden,9562.206463965502,13386.031820412887,,,133.22,,,0.366329554111862,36.6%,m*Tf/(2*(Tf+Tc)); >=1 means bidirectional hide,"[""/home/sim/dyn_latency/results/ub_rg_system_packet/network/s1_packet_spray_afd_m2n_mb128_z0.5_ep128_M64_N64_role_packed_sd1/summary.json"", ""/home/sim/dyn_latency/results/ub_rg_system_packet/network/s1_packet_spray_afd_n2m_mb128_z0.5_ep128_M64_N64_role_packed_sd1/summary.json""]",1713412.0730128495,packet,sys3,256,128,sys3,60,64,2,64,role_packed,1,packet_spray,1,hidden,controls,0.5,1713412.0730128495,,,,,64,256,,,64,60,2,1,,133.22,hidden,,90.0,75.0,,,False,True,False,False,13386.031820412887,397.36628822486625,9164.840175740635,9562.206463965502,77.01546366168601,133.22,hidden,53.910824563180206,77.01546366168601,,,133.22,115.96,single-seed CCT; no cross-seed P99,"max(m2n_cct_us,n2m_cct_us)",133.22,2,13386.031820412887,sys3_s1_packet_spray_b256_z0.5_ep128_L60_m2_M64_N64_hidden_role_packed_sd1,9562.206463965502,controls,True
sys3,sys3_s1_packet_spray_b256_z0.5_ep128_L60_m4_M112_N16_hidden_role_packed_sd1,sys3/sys3_s1_packet_spray_b256_z0.5_ep128_L60_m4_M112_N16_hidden_role_packed_sd1/summary.json,packet,,ok,controls,1,packet_spray,256,0.5,128,60,4,112,16,7.0,role_packed,hidden,19099.064103367822,11728.323376876939,,,280.721,,,0.4305709452896035,43.1%,m*Tf/(2*(Tf+Tc)); >=1 means bidirectional hide,"[""/home/sim/dyn_latency/results/ub_rg_system_packet/network/s1_packet_spray_afd_m2n_mb64_z0.5_ep128_M112_N16_role_packed_sd1/summary.json"", ""/home/sim/dyn_latency/results/ub_rg_system_packet/network/s1_packet_spray_afd_n2m_mb64_z0.5_ep128_M112_N16_role_packed_sd1/summary.json""]",1501225.3922402482,packet,sys3,256,128,sys3,60,112,4,16,role_packed,1,packet_spray,1,hidden,controls,0.5,1501225.3922402482,,,,,112,256,,,16,60,4,1,,280.721,hidden,,90.0,75.0,,,False,True,False,False,11728.323376876939,692.3682882248662,18406.695815142957,19099.064103367822,77.01546366168601,280.721,hidden,53.910824563180206,77.01546366168601,,,187.87,280.721,single-seed CCT; no cross-seed P99,"max(m2n_cct_us,n2m_cct_us)",280.721,2,11728.323376876939,sys3_s1_packet_spray_b256_z0.5_ep128_L60_m4_M112_N16_hidden_role_packed_sd1,19099.064103367822,controls,True
sys3,sys3_s1_packet_spray_b256_z0_ep128_L60_m1_M112_N16_hidden_role_packed_sd1,sys3/sys3_s1_packet_spray_b256_z0_ep128_L60_m1_M112_N16_hidden_role_packed_sd1/summary.json,packet,,ok,controls,1,packet_spray,256,0,128,60,1,112,16,7.0,role_packed,hidden,6943.728644264341,32259.325137227028,,,1134.445,,,0.03178620597691806,3.2%,m*Tf/(2*(Tf+Tc)); >=1 means bidirectional hide,"[""/home/sim/dyn_latency/results/ub_rg_system_packet/network/s1_packet_spray_afd_m2n_mb256_z0_ep128_M112_N16_role_packed_sd1/summary.json"", ""/home/sim/dyn_latency/results/ub_rg_system_packet/network/s1_packet_spray_afd_n2m_mb256_z0_ep128_M112_N16_role_packed_sd1/summary.json""]",4129193.6175650596,packet,sys3,256,128,sys3,60,112,1,16,role_packed,1,packet_spray,1,hidden,controls,0.0,4129193.6175650596,,,,,112,256,,,16,60,1,1,,1134.445,hidden,,90.0,75.0,,,False,True,False,False,32259.325137227028,2399.816288224866,4543.912356039475,6943.728644264341,77.01546366168601,1134.445,hidden,53.910824563180206,77.01546366168601,,,615.807,1134.445,single-seed CCT; no cross-seed P99,"max(m2n_cct_us,n2m_cct_us)",1134.445,2,32259.325137227028,sys3_s1_packet_spray_b256_z0_ep128_L60_m1_M112_N16_hidden_role_packed_sd1,6943.728644264341,controls,True
sys3,sys3_s1_packet_spray_b256_z0_ep128_L60_m2_M112_N16_hidden_role_packed_sd1,sys3/sys3_s1_packet_spray_b256_z0_ep128_L60_m2_M112_N16_hidden_role_packed_sd1/summary.json,packet,,ok,main,1,packet_spray,256,0,128,60,2,112,16,7.0,role_packed,hidden,10101.268463965502,22175.43279827485,,,402.751,,,0.16052698447049968,16.1%,m*Tf/(2*(Tf+Tc)); >=1 means bidirectional hide,"[""/home/sim/dyn_latency/results/ub_rg_system_packet/network/s1_packet_spray_afd_m2n_mb128_z0_ep128_M112_N16_role_packed_sd1/summary.json"", ""/home/sim/dyn_latency/results/ub_rg_system_packet/network/s1_packet_spray_afd_n2m_mb128_z0_ep128_M112_N16_role_packed_sd1/summary.json""]",2838455.398179181,packet,sys3,256,128,sys3,60,112,2,16,role_packed,1,packet_spray,1,hidden,main,0.0,2838455.398179181,,,,,112,256,,,16,60,2,1,,402.751,hidden,,90.0,75.0,,,False,True,False,False,22175.43279827485,936.4282882248662,9164.840175740635,10101.268463965502,77.01546366168601,402.751,hidden,53.910824563180206,77.01546366168601,,,257.728,402.751,single-seed CCT; no cross-seed P99,"max(m2n_cct_us,n2m_cct_us)",402.751,2,22175.43279827485,sys3_s1_packet_spray_b256_z0_ep128_L60_m2_M112_N16_hidden_role_packed_sd1,10101.268463965502,main,True
sys3,sys3_s1_packet_spray_b256_z0_ep128_L60_m2_M124_N4_exposed_role_packed_sd1,sys3/sys3_s1_packet_spray_b256_z0_ep128_L60_m2_M124_N4_exposed_role_packed_sd1/summary.json,packet,,ok,controls,1,packet_spray,256,0,128,60,2,124,4,31.0,role_packed,exposed,15309.539794884706,16199.049959872922,,,1609.056,,,0.05857799123127531,5.9%,m*Tf/(2*(Tf+Tc)); >=1 means bidirectional hide,"[""/home/sim/dyn_latency/results/ub_rg_system_packet/network/s1_packet_spray_afd_m2n_mb128_z0_ep128_M124_N4_role_packed_sd1/summary.json"", ""/home/sim/dyn_latency/results/ub_rg_system_packet/network/s1_packet_spray_afd_n2m_mb128_z0_ep128_M124_N4_role_packed_sd1/summary.json""]",2073478.394863734,packet,sys3,256,128,sys3,60,124,2,4,role_packed,1,packet_spray,1,exposed,controls,0.0,2073478.394863734,,,,,124,256,,,4,60,2,1,,1609.056,exposed,,90.0,75.0,,,False,False,False,False,16199.049959872922,3395.2475664218778,11914.292228462828,15309.539794884706,77.01546366168601,1609.056,exposed,100.12010276019183,100.12010276019183,,,600.479,1609.056,single-seed CCT; no cross-seed P99,"max(m2n_cct_us,n2m_cct_us)",1609.056,2,16199.049959872922,sys3_s1_packet_spray_b256_z0_ep128_L60_m2_M124_N4_exposed_role_packed_sd1,15309.539794884706,controls,True
sys3,sys3_s1_packet_spray_b256_z0_ep128_L60_m2_M64_N64_hidden_role_packed_sd1,sys3/sys3_s1_packet_spray_b256_z0_ep128_L60_m2_M64_N64_hidden_role_packed_sd1/summary.json,packet,,ok,controls,1,packet_spray,256,0,128,60,2,64,64,1.0,role_packed,hidden,9364.116463965502,13669.202053665484,,,34.175,,,0.6926445049821659,69.3%,m*Tf/(2*(Tf+Tc)); >=1 means bidirectional hide,"[""/home/sim/dyn_latency/results/ub_rg_system_packet/network/s1_packet_spray_afd_m2n_mb128_z0_ep128_M64_N64_role_packed_sd1/summary.json"", ""/home/sim/dyn_latency/results/ub_rg_system_packet/network/s1_packet_spray_afd_n2m_mb128_z0_ep128_M64_N64_role_packed_sd1/summary.json""]",1749657.862869182,packet,sys3,256,128,sys3,60,64,2,64,role_packed,1,packet_spray,1,hidden,controls,0.0,1749657.862869182,,,,,64,256,,,64,60,2,1,,34.175,hidden,,90.0,75.0,,,False,True,False,True,13669.202053665484,199.27628822486622,9164.840175740635,9364.116463965502,77.01546366168601,34.175,hidden,53.910824563180206,77.01546366168601,,,33.258,34.175,single-seed CCT; no cross-seed P99,"max(m2n_cct_us,n2m_cct_us)",34.175,2,13669.202053665484,sys3_s1_packet_spray_b256_z0_ep128_L60_m2_M64_N64_hidden_role_packed_sd1,9364.116463965502,controls,True
sys3,sys3_s1_packet_spray_b256_z0_ep128_L60_m4_M112_N16_hidden_role_packed_sd1,sys3/sys3_s1_packet_spray_b256_z0_ep128_L60_m4_M112_N16_hidden_role_packed_sd1/summary.json,packet,,ok,controls,1,packet_spray,256,0,128,60,4,112,16,7.0,role_packed,hidden,18803.522103367824,11912.661828385877,,,132.95,,,0.7336012534497559,73.4%,m*Tf/(2*(Tf+Tc)); >=1 means bidirectional hide,"[""/home/sim/dyn_latency/results/ub_rg_system_packet/network/s1_packet_spray_afd_m2n_mb64_z0_ep128_M112_N16_role_packed_sd1/summary.json"", ""/home/sim/dyn_latency/results/ub_rg_system_packet/network/s1_packet_spray_afd_n2m_mb64_z0_ep128_M112_N16_role_packed_sd1/summary.json""]",1524820.7140333923,packet,sys3,256,128,sys3,60,112,4,16,role_packed,1,packet_spray,1,hidden,controls,0.0,1524820.7140333923,,,,,112,256,,,16,60,4,1,,132.95,hidden,,90.0,75.0,,,False,True,False,False,11912.661828385877,396.8262882248662,18406.695815142957,18803.522103367824,77.01546366168601,132.95,hidden,53.910824563180206,77.01546366168601,,,132.95,127.545,single-seed CCT; no cross-seed P99,"max(m2n_cct_us,n2m_cct_us)",132.95,2,11912.661828385877,sys3_s1_packet_spray_b256_z0_ep128_L60_m4_M112_N16_hidden_role_packed_sd1,18803.522103367824,controls,True
sys3,sys3_s1_packet_spray_b256_z1_ep128_L60_m1_M112_N16_hidden_role_packed_sd1,sys3/sys3_s1_packet_spray_b256_z1_ep128_L60_m1_M112_N16_hidden_role_packed_sd1/summary.json,packet,,ok,controls,1,packet_spray,256,1,128,60,1,112,16,7.0,role_packed,hidden,13048.260644264341,17167.039048876166,,,4186.711,,,0.00903147332715443,0.9%,m*Tf/(2*(Tf+Tc)); >=1 means bidirectional hide,"[""/home/sim/dyn_latency/results/ub_rg_system_packet/network/s1_packet_spray_afd_m2n_mb256_z1_ep128_M112_N16_role_packed_sd1/summary.json"", ""/home/sim/dyn_latency/results/ub_rg_system_packet/network/s1_packet_spray_afd_n2m_mb256_z1_ep128_M112_N16_role_packed_sd1/summary.json""]",2197380.9982561492,packet,sys3,256,128,sys3,60,112,1,16,role_packed,1,packet_spray,1,hidden,controls,1.0,2197380.9982561492,,,,,112,256,,,16,60,1,1,,4186.711,hidden,,90.0,75.0,,,False,True,False,False,17167.039048876166,8504.348288224866,4543.912356039475,13048.260644264341,77.01546366168601,4186.711,hidden,53.910824563180206,77.01546366168601,,,1989.147,4186.711,single-seed CCT; no cross-seed P99,"max(m2n_cct_us,n2m_cct_us)",4186.711,2,17167.039048876166,sys3_s1_packet_spray_b256_z1_ep128_L60_m1_M112_N16_hidden_role_packed_sd1,13048.260644264341,controls,True
sys3,sys3_s1_packet_spray_b256_z1_ep128_L60_m2_M112_N16_hidden_role_packed_sd1,sys3/sys3_s1_packet_spray_b256_z1_ep128_L60_m2_M112_N16_hidden_role_packed_sd1/summary.json,packet,,ok,main,1,packet_spray,256,1,128,60,2,112,16,7.0,role_packed,hidden,11965.008463965502,18721.25712861893,,,1334.621,,,0.05455757600785779,5.5%,m*Tf/(2*(Tf+Tc)); >=1 means bidirectional hide,"[""/home/sim/dyn_latency/results/ub_rg_system_packet/network/s1_packet_spray_afd_m2n_mb128_z1_ep128_M112_N16_role_packed_sd1/summary.json"", ""/home/sim/dyn_latency/results/ub_rg_system_packet/network/s1_packet_spray_afd_n2m_mb128_z1_ep128_M112_N16_role_packed_sd1/summary.json""]",2396320.912463223,packet,sys3,256,128,sys3,60,112,2,16,role_packed,1,packet_spray,1,hidden,main,1.0,2396320.912463223,,,,,112,256,,,16,60,2,1,,1334.621,hidden,,90.0,75.0,,,False,True,False,False,18721.25712861893,2800.1682882248665,9164.840175740635,11965.008463965502,77.01546366168601,1334.621,hidden,53.910824563180206,77.01546366168601,,,866.297,1334.621,single-seed CCT; no cross-seed P99,"max(m2n_cct_us,n2m_cct_us)",1334.621,2,18721.25712861893,sys3_s1_packet_spray_b256_z1_ep128_L60_m2_M112_N16_hidden_role_packed_sd1,11965.008463965502,main,True
sys3,sys3_s1_packet_spray_b256_z1_ep128_L60_m2_M124_N4_exposed_role_packed_sd1,sys3/sys3_s1_packet_spray_b256_z1_ep128_L60_m2_M124_N4_exposed_role_packed_sd1/summary.json,packet,,ok,controls,1,packet_spray,256,1,128,60,2,124,4,31.0,role_packed,exposed,15309.539794884706,16199.049959872922,,,1609.056,,,0.05857799123127531,5.9%,m*Tf/(2*(Tf+Tc)); >=1 means bidirectional hide,"[""/home/sim/dyn_latency/results/ub_rg_system_packet/network/s1_packet_spray_afd_m2n_mb128_z1_ep128_M124_N4_role_packed_sd1/summary.json"", ""/home/sim/dyn_latency/results/ub_rg_system_packet/network/s1_packet_spray_afd_n2m_mb128_z1_ep128_M124_N4_role_packed_sd1/summary.json""]",2073478.394863734,packet,sys3,256,128,sys3,60,124,2,4,role_packed,1,packet_spray,1,exposed,controls,1.0,2073478.394863734,,,,,124,256,,,4,60,2,1,,1609.056,exposed,,90.0,75.0,,,False,False,False,False,16199.049959872922,3395.2475664218778,11914.292228462828,15309.539794884706,77.01546366168601,1609.056,exposed,100.12010276019183,100.12010276019183,,,623.98,1609.056,single-seed CCT; no cross-seed P99,"max(m2n_cct_us,n2m_cct_us)",1609.056,2,16199.049959872922,sys3_s1_packet_spray_b256_z1_ep128_L60_m2_M124_N4_exposed_role_packed_sd1,15309.539794884706,controls,True
sys3,sys3_s1_packet_spray_b256_z1_ep128_L60_m2_M64_N64_hidden_role_packed_sd1,sys3/sys3_s1_packet_spray_b256_z1_ep128_L60_m2_M64_N64_hidden_role_packed_sd1/summary.json,packet,,ok,controls,1,packet_spray,256,1,128,60,2,64,64,1.0,role_packed,hidden,9822.486463965502,13031.323633743574,,,263.36,,,0.2262662027196973,22.6%,m*Tf/(2*(Tf+Tc)); >=1 means bidirectional hide,"[""/home/sim/dyn_latency/results/ub_rg_system_packet/network/s1_packet_spray_afd_m2n_mb128_z1_ep128_M64_N64_role_packed_sd1/summary.json"", ""/home/sim/dyn_latency/results/ub_rg_system_packet/network/s1_packet_spray_afd_n2m_mb128_z1_ep128_M64_N64_role_packed_sd1/summary.json""]",1668009.4251191774,packet,sys3,256,128,sys3,60,64,2,64,role_packed,1,packet_spray,1,hidden,controls,1.0,1668009.4251191774,,,,,64,256,,,64,60,2,1,,263.36,hidden,,90.0,75.0,,,False,True,False,False,13031.323633743574,657.6462882248662,9164.840175740635,9822.486463965502,77.01546366168601,263.36,hidden,53.910824563180206,77.01546366168601,,,263.36,224.817,single-seed CCT; no cross-seed P99,"max(m2n_cct_us,n2m_cct_us)",263.36,2,13031.323633743574,sys3_s1_packet_spray_b256_z1_ep128_L60_m2_M64_N64_hidden_role_packed_sd1,9822.486463965502,controls,True
sys3,sys3_s1_packet_spray_b256_z1_ep128_L60_m4_M112_N16_hidden_role_packed_sd1,sys3/sys3_s1_packet_spray_b256_z1_ep128_L60_m4_M112_N16_hidden_role_packed_sd1/summary.json,packet,,ok,controls,1,packet_spray,256,1,128,60,4,112,16,7.0,role_packed,hidden,19252.630103367825,11634.773991778718,,,357.504,,,0.35448567947994036,35.4%,m*Tf/(2*(Tf+Tc)); >=1 means bidirectional hide,"[""/home/sim/dyn_latency/results/ub_rg_system_packet/network/s1_packet_spray_afd_m2n_mb64_z1_ep128_M112_N16_role_packed_sd1/summary.json"", ""/home/sim/dyn_latency/results/ub_rg_system_packet/network/s1_packet_spray_afd_n2m_mb64_z1_ep128_M112_N16_role_packed_sd1/summary.json""]",1489251.070947676,packet,sys3,256,128,sys3,60,112,4,16,role_packed,1,packet_spray,1,hidden,controls,1.0,1489251.070947676,,,,,112,256,,,16,60,4,1,,357.504,hidden,,90.0,75.0,,,False,True,False,False,11634.773991778718,845.9342882248662,18406.695815142957,19252.630103367825,77.01546366168601,357.504,hidden,53.910824563180206,77.01546366168601,,,234.309,357.504,single-seed CCT; no cross-seed P99,"max(m2n_cct_us,n2m_cct_us)",357.504,2,11634.773991778718,sys3_s1_packet_spray_b256_z1_ep128_L60_m4_M112_N16_hidden_role_packed_sd1,19252.630103367825,controls,True
sys3,sys3_s1_ub_rg_b256_z0.5_ep128_L60_m1_M112_N16_hidden_role_packed_sd1,sys3/sys3_s1_ub_rg_b256_z0.5_ep128_L60_m1_M112_N16_hidden_role_packed_sd1/summary.json,packet,,ok,controls,1,ub_rg,256,0.5,128,60,1,112,16,7.0,role_packed,hidden,6752.420644264341,33173.28878056059,,,1038.791,,,0.03451112095593542,3.5%,m*Tf/(2*(Tf+Tc)); >=1 means bidirectional hide,"[""/home/sim/dyn_latency/results/ub_rg_system_packet/network/s1_ub_rg_afd_m2n_mb256_z0.5_ep128_M112_N16_role_packed_sd1/summary.json"", ""/home/sim/dyn_latency/results/ub_rg_system_packet/network/s1_ub_rg_afd_n2m_mb256_z0.5_ep128_M112_N16_role_packed_sd1/summary.json""]",4246180.963911756,packet,sys3,256,128,sys3,60,112,1,16,role_packed,1,ub_rg,1,hidden,controls,0.5,4246180.963911756,,,,,112,256,,,16,60,1,1,,1038.791,hidden,,90.0,75.0,,,False,True,False,False,33173.28878056059,2208.508288224866,4543.912356039475,6752.420644264341,77.01546366168601,1038.791,hidden,53.910824563180206,77.01546366168601,,,1038.791,937.659,single-seed CCT; no cross-seed P99,"max(m2n_cct_us,n2m_cct_us)",1038.791,2,33173.28878056059,sys3_s1_ub_rg_b256_z0.5_ep128_L60_m1_M112_N16_hidden_role_packed_sd1,6752.420644264341,controls,True
sys3,sys3_s1_ub_rg_b256_z0.5_ep128_L60_m2_M112_N16_hidden_role_packed_sd1,sys3/sys3_s1_ub_rg_b256_z0.5_ep128_L60_m2_M112_N16_hidden_role_packed_sd1/summary.json,packet,,ok,main,1,ub_rg,256,0.5,128,60,2,112,16,7.0,role_packed,hidden,10067.6744639655,22249.428187387963,,,385.954,,,0.16635106568921554,16.6%,m*Tf/(2*(Tf+Tc)); >=1 means bidirectional hide,"[""/home/sim/dyn_latency/results/ub_rg_system_packet/network/s1_ub_rg_afd_m2n_mb128_z0.5_ep128_M112_N16_role_packed_sd1/summary.json"", ""/home/sim/dyn_latency/results/ub_rg_system_packet/network/s1_ub_rg_afd_n2m_mb128_z0.5_ep128_M112_N16_role_packed_sd1/summary.json""]",2847926.807985659,packet,sys3,256,128,sys3,60,112,2,16,role_packed,1,ub_rg,1,hidden,main,0.5,2847926.807985659,,,,,112,256,,,16,60,2,1,,385.954,hidden,,90.0,75.0,,,False,True,False,False,22249.428187387963,902.8342882248662,9164.840175740635,10067.6744639655,77.01546366168601,385.954,hidden,53.910824563180206,77.01546366168601,,,361.421,385.954,single-seed CCT; no cross-seed P99,"max(m2n_cct_us,n2m_cct_us)",385.954,2,22249.428187387963,sys3_s1_ub_rg_b256_z0.5_ep128_L60_m2_M112_N16_hidden_role_packed_sd1,10067.6744639655,main,True
sys3,sys3_s1_ub_rg_b256_z0.5_ep128_L60_m2_M124_N4_exposed_role_packed_sd1,sys3/sys3_s1_ub_rg_b256_z0.5_ep128_L60_m2_M124_N4_exposed_role_packed_sd1/summary.json,packet,,ok,controls,1,ub_rg,256,0.5,128,60,2,124,4,31.0,role_packed,exposed,13090.907794884706,18944.446319979917,,,499.74,,,0.1669057540241465,16.7%,m*Tf/(2*(Tf+Tc)); >=1 means bidirectional hide,"[""/home/sim/dyn_latency/results/ub_rg_system_packet/network/s1_ub_rg_afd_m2n_mb128_z0.5_ep128_M124_N4_role_packed_sd1/summary.json"", ""/home/sim/dyn_latency/results/ub_rg_system_packet/network/s1_ub_rg_afd_n2m_mb128_z0.5_ep128_M124_N4_role_packed_sd1/summary.json""]",2424889.1289574294,packet,sys3,256,128,sys3,60,124,2,4,role_packed,1,ub_rg,1,exposed,controls,0.5,2424889.1289574294,,,,,124,256,,,4,60,2,1,,499.74,exposed,,90.0,75.0,,,False,False,False,False,18944.446319979917,1176.615566421878,11914.292228462828,13090.907794884706,77.01546366168601,499.74,exposed,100.12010276019183,100.12010276019183,,,479.417,499.74,single-seed CCT; no cross-seed P99,"max(m2n_cct_us,n2m_cct_us)",499.74,2,18944.446319979917,sys3_s1_ub_rg_b256_z0.5_ep128_L60_m2_M124_N4_exposed_role_packed_sd1,13090.907794884706,controls,True
sys3,sys3_s1_ub_rg_b256_z0.5_ep128_L60_m2_M64_N64_hidden_role_packed_sd1,sys3/sys3_s1_ub_rg_b256_z0.5_ep128_L60_m2_M64_N64_hidden_role_packed_sd1/summary.json,packet,,ok,controls,1,ub_rg,256,0.5,128,60,2,64,64,1.0,role_packed,hidden,9607.4604639655,13322.97962402103,,,155.847,,,0.33073369769710004,33.1%,m*Tf/(2*(Tf+Tc)); >=1 means bidirectional hide,"[""/home/sim/dyn_latency/results/ub_rg_system_packet/network/s1_ub_rg_afd_m2n_mb128_z0.5_ep128_M64_N64_role_packed_sd1/summary.json"", ""/home/sim/dyn_latency/results/ub_rg_system_packet/network/s1_ub_rg_afd_n2m_mb128_z0.5_ep128_M64_N64_role_packed_sd1/summary.json""]",1705341.391874692,packet,sys3,256,128,sys3,60,64,2,64,role_packed,1,ub_rg,1,hidden,controls,0.5,1705341.391874692,,,,,64,256,,,64,60,2,1,,155.847,hidden,,90.0,75.0,,,False,True,False,False,13322.97962402103,442.6202882248663,9164.840175740635,9607.4604639655,77.01546366168601,155.847,hidden,53.910824563180206,77.01546366168601,,,153.964,155.847,single-seed CCT; no cross-seed P99,"max(m2n_cct_us,n2m_cct_us)",155.847,2,13322.97962402103,sys3_s1_ub_rg_b256_z0.5_ep128_L60_m2_M64_N64_hidden_role_packed_sd1,9607.4604639655,controls,True
sys3,sys3_s1_ub_rg_b256_z0.5_ep128_L60_m4_M112_N16_hidden_role_packed_sd1,sys3/sys3_s1_ub_rg_b256_z0.5_ep128_L60_m4_M112_N16_hidden_role_packed_sd1/summary.json,packet,,ok,controls,1,ub_rg,256,0.5,128,60,4,112,16,7.0,role_packed,hidden,18916.688103367822,11841.396272750317,,,189.533,,,0.577872125794258,57.8%,m*Tf/(2*(Tf+Tc)); >=1 means bidirectional hide,"[""/home/sim/dyn_latency/results/ub_rg_system_packet/network/s1_ub_rg_afd_m2n_mb64_z0.5_ep128_M112_N16_role_packed_sd1/summary.json"", ""/home/sim/dyn_latency/results/ub_rg_system_packet/network/s1_ub_rg_afd_n2m_mb64_z0.5_ep128_M112_N16_role_packed_sd1/summary.json""]",1515698.7229120405,packet,sys3,256,128,sys3,60,112,4,16,role_packed,1,ub_rg,1,hidden,controls,0.5,1515698.7229120405,,,,,112,256,,,16,60,4,1,,189.533,hidden,,90.0,75.0,,,False,True,False,False,11841.396272750317,509.99228822486623,18406.695815142957,18916.688103367822,77.01546366168601,189.533,hidden,53.910824563180206,77.01546366168601,,,181.381,189.533,single-seed CCT; no cross-seed P99,"max(m2n_cct_us,n2m_cct_us)",189.533,2,11841.396272750317,sys3_s1_ub_rg_b256_z0.5_ep128_L60_m4_M112_N16_hidden_role_packed_sd1,18916.688103367822,controls,True
sys3,sys3_s1_ub_rg_b256_z0_ep128_L60_m1_M112_N16_hidden_role_packed_sd1,sys3/sys3_s1_ub_rg_b256_z0_ep128_L60_m1_M112_N16_hidden_role_packed_sd1/summary.json,packet,,ok,controls,1,ub_rg,256,0,128,60,1,112,16,7.0,role_packed,hidden,6317.818644264341,35455.2754063872,,,821.49,,,0.04285753775376296,4.3%,m*Tf/(2*(Tf+Tc)); >=1 means bidirectional hide,"[""/home/sim/dyn_latency/results/ub_rg_system_packet/network/s1_ub_rg_afd_m2n_mb256_z0_ep128_M112_N16_role_packed_sd1/summary.json"", ""/home/sim/dyn_latency/results/ub_rg_system_packet/network/s1_ub_rg_afd_n2m_mb256_z0_ep128_M112_N16_role_packed_sd1/summary.json""]",4538275.252017561,packet,sys3,256,128,sys3,60,112,1,16,role_packed,1,ub_rg,1,hidden,controls,0.0,4538275.252017561,,,,,112,256,,,16,60,1,1,,821.49,hidden,,90.0,75.0,,,False,True,False,False,35455.2754063872,1773.9062882248663,4543.912356039475,6317.818644264341,77.01546366168601,821.49,hidden,53.910824563180206,77.01546366168601,,,630.384,821.49,single-seed CCT; no cross-seed P99,"max(m2n_cct_us,n2m_cct_us)",821.49,2,35455.2754063872,sys3_s1_ub_rg_b256_z0_ep128_L60_m1_M112_N16_hidden_role_packed_sd1,6317.818644264341,controls,True
sys3,sys3_s1_ub_rg_b256_z0_ep128_L60_m2_M112_N16_hidden_role_packed_sd1,sys3/sys3_s1_ub_rg_b256_z0_ep128_L60_m2_M112_N16_hidden_role_packed_sd1/summary.json,packet,,ok,main,1,ub_rg,256,0,128,60,2,112,16,7.0,role_packed,hidden,9862.666463965501,22711.91070066217,,,283.45,,,0.213655596514979,21.4%,m*Tf/(2*(Tf+Tc)); >=1 means bidirectional hide,"[""/home/sim/dyn_latency/results/ub_rg_system_packet/network/s1_ub_rg_afd_m2n_mb128_z0_ep128_M112_N16_role_packed_sd1/summary.json"", ""/home/sim/dyn_latency/results/ub_rg_system_packet/network/s1_ub_rg_afd_n2m_mb128_z0_ep128_M112_N16_role_packed_sd1/summary.json""]",2907124.569684758,packet,sys3,256,128,sys3,60,112,2,16,role_packed,1,ub_rg,1,hidden,main,0.0,2907124.569684758,,,,,112,256,,,16,60,2,1,,283.45,hidden,,90.0,75.0,,,False,True,False,False,22711.91070066217,697.8262882248662,9164.840175740635,9862.666463965501,77.01546366168601,283.45,hidden,53.910824563180206,77.01546366168601,,,260.172,283.45,single-seed CCT; no cross-seed P99,"max(m2n_cct_us,n2m_cct_us)",283.45,2,22711.91070066217,sys3_s1_ub_rg_b256_z0_ep128_L60_m2_M112_N16_hidden_role_packed_sd1,9862.666463965501,main,True
sys3,sys3_s1_ub_rg_b256_z0_ep128_L60_m2_M124_N4_exposed_role_packed_sd1,sys3/sys3_s1_ub_rg_b256_z0_ep128_L60_m2_M124_N4_exposed_role_packed_sd1/summary.json,packet,,ok,controls,1,ub_rg,256,0,128,60,2,124,4,31.0,role_packed,exposed,13090.907794884706,18944.446319979917,,,499.74,,,0.1669057540241465,16.7%,m*Tf/(2*(Tf+Tc)); >=1 means bidirectional hide,"[""/home/sim/dyn_latency/results/ub_rg_system_packet/network/s1_ub_rg_afd_m2n_mb128_z0_ep128_M124_N4_role_packed_sd1/summary.json"", ""/home/sim/dyn_latency/results/ub_rg_system_packet/network/s1_ub_rg_afd_n2m_mb128_z0_ep128_M124_N4_role_packed_sd1/summary.json""]",2424889.1289574294,packet,sys3,256,128,sys3,60,124,2,4,role_packed,1,ub_rg,1,exposed,controls,0.0,2424889.1289574294,,,,,124,256,,,4,60,2,1,,499.74,exposed,,90.0,75.0,,,False,False,False,False,18944.446319979917,1176.615566421878,11914.292228462828,13090.907794884706,77.01546366168601,499.74,exposed,100.12010276019183,100.12010276019183,,,479.417,499.74,single-seed CCT; no cross-seed P99,"max(m2n_cct_us,n2m_cct_us)",499.74,2,18944.446319979917,sys3_s1_ub_rg_b256_z0_ep128_L60_m2_M124_N4_exposed_role_packed_sd1,13090.907794884706,controls,True
sys3,sys3_s1_ub_rg_b256_z0_ep128_L60_m2_M64_N64_hidden_role_packed_sd1,sys3/sys3_s1_ub_rg_b256_z0_ep128_L60_m2_M64_N64_hidden_role_packed_sd1/summary.json,packet,,ok,controls,1,ub_rg,256,0,128,60,2,64,64,1.0,role_packed,hidden,9426.416463965501,13578.861117510292,,,65.325,,,0.5410651453597617,54.1%,m*Tf/(2*(Tf+Tc)); >=1 means bidirectional hide,"[""/home/sim/dyn_latency/results/ub_rg_system_packet/network/s1_ub_rg_afd_m2n_mb128_z0_ep128_M64_N64_role_packed_sd1/summary.json"", ""/home/sim/dyn_latency/results/ub_rg_system_packet/network/s1_ub_rg_afd_n2m_mb128_z0_ep128_M64_N64_role_packed_sd1/summary.json""]",1738094.2230413174,packet,sys3,256,128,sys3,60,64,2,64,role_packed,1,ub_rg,1,hidden,controls,0.0,1738094.2230413174,,,,,64,256,,,64,60,2,1,,65.325,hidden,,90.0,75.0,,,False,True,False,True,13578.861117510292,261.57628822486623,9164.840175740635,9426.416463965501,77.01546366168601,65.325,hidden,53.910824563180206,77.01546366168601,,,65.325,63.747,single-seed CCT; no cross-seed P99,"max(m2n_cct_us,n2m_cct_us)",65.325,2,13578.861117510292,sys3_s1_ub_rg_b256_z0_ep128_L60_m2_M64_N64_hidden_role_packed_sd1,9426.416463965501,controls,True
sys3,sys3_s1_ub_rg_b256_z0_ep128_L60_m4_M112_N16_hidden_role_packed_sd1,sys3/sys3_s1_ub_rg_b256_z0_ep128_L60_m4_M112_N16_hidden_role_packed_sd1/summary.json,packet,,ok,controls,1,ub_rg,256,0,128,60,4,112,16,7.0,role_packed,hidden,18803.072103367824,11912.946925299473,,,132.725,,,0.734388227403873,73.4%,m*Tf/(2*(Tf+Tc)); >=1 means bidirectional hide,"[""/home/sim/dyn_latency/results/ub_rg_system_packet/network/s1_ub_rg_afd_m2n_mb64_z0_ep128_M112_N16_role_packed_sd1/summary.json"", ""/home/sim/dyn_latency/results/ub_rg_system_packet/network/s1_ub_rg_afd_n2m_mb64_z0_ep128_M112_N16_role_packed_sd1/summary.json""]",1524857.2064383326,packet,sys3,256,128,sys3,60,112,4,16,role_packed,1,ub_rg,1,hidden,controls,0.0,1524857.2064383326,,,,,112,256,,,16,60,4,1,,132.725,hidden,,90.0,75.0,,,False,True,False,False,11912.946925299473,396.37628822486624,18406.695815142957,18803.072103367824,77.01546366168601,132.725,hidden,53.910824563180206,77.01546366168601,,,132.725,128.09,single-seed CCT; no cross-seed P99,"max(m2n_cct_us,n2m_cct_us)",132.725,2,11912.946925299473,sys3_s1_ub_rg_b256_z0_ep128_L60_m4_M112_N16_hidden_role_packed_sd1,18803.072103367824,controls,True
sys3,sys3_s1_ub_rg_b256_z1_ep128_L60_m1_M112_N16_hidden_role_packed_sd1,sys3/sys3_s1_ub_rg_b256_z1_ep128_L60_m1_M112_N16_hidden_role_packed_sd1/summary.json,packet,,ok,controls,1,ub_rg,256,1,128,60,1,112,16,7.0,role_packed,hidden,7221.818644264341,31017.117852703712,,,1273.49,,,0.028513569820321397,2.9%,m*Tf/(2*(Tf+Tc)); >=1 means bidirectional hide,"[""/home/sim/dyn_latency/results/ub_rg_system_packet/network/s1_ub_rg_afd_m2n_mb256_z1_ep128_M112_N16_role_packed_sd1/summary.json"", ""/home/sim/dyn_latency/results/ub_rg_system_packet/network/s1_ub_rg_afd_n2m_mb256_z1_ep128_M112_N16_role_packed_sd1/summary.json""]",3970191.085146075,packet,sys3,256,128,sys3,60,112,1,16,role_packed,1,ub_rg,1,hidden,controls,1.0,3970191.085146075,,,,,112,256,,,16,60,1,1,,1273.49,hidden,,90.0,75.0,,,False,True,False,False,31017.117852703712,2677.9062882248663,4543.912356039475,7221.818644264341,77.01546366168601,1273.49,hidden,53.910824563180206,77.01546366168601,,,1273.49,1055.562,single-seed CCT; no cross-seed P99,"max(m2n_cct_us,n2m_cct_us)",1273.49,2,31017.117852703712,sys3_s1_ub_rg_b256_z1_ep128_L60_m1_M112_N16_hidden_role_packed_sd1,7221.818644264341,controls,True
sys3,sys3_s1_ub_rg_b256_z1_ep128_L60_m2_M112_N16_hidden_role_packed_sd1,sys3/sys3_s1_ub_rg_b256_z1_ep128_L60_m2_M112_N16_hidden_role_packed_sd1/summary.json,packet,,ok,main,1,ub_rg,256,1,128,60,2,112,16,7.0,role_packed,hidden,10197.274463965501,21966.65401049637,,,450.754,,,0.14592633519823142,14.6%,m*Tf/(2*(Tf+Tc)); >=1 means bidirectional hide,"[""/home/sim/dyn_latency/results/ub_rg_system_packet/network/s1_ub_rg_afd_m2n_mb128_z1_ep128_M112_N16_role_packed_sd1/summary.json"", ""/home/sim/dyn_latency/results/ub_rg_system_packet/network/s1_ub_rg_afd_n2m_mb128_z1_ep128_M112_N16_role_packed_sd1/summary.json""]",2811731.7133435355,packet,sys3,256,128,sys3,60,112,2,16,role_packed,1,ub_rg,1,hidden,main,1.0,2811731.7133435355,,,,,112,256,,,16,60,2,1,,450.754,hidden,,90.0,75.0,,,False,True,False,False,21966.65401049637,1032.4342882248663,9164.840175740635,10197.274463965501,77.01546366168601,450.754,hidden,53.910824563180206,77.01546366168601,,,427.021,450.754,single-seed CCT; no cross-seed P99,"max(m2n_cct_us,n2m_cct_us)",450.754,2,21966.65401049637,sys3_s1_ub_rg_b256_z1_ep128_L60_m2_M112_N16_hidden_role_packed_sd1,10197.274463965501,main,True
sys3,sys3_s1_ub_rg_b256_z1_ep128_L60_m2_M124_N4_exposed_role_packed_sd1,sys3/sys3_s1_ub_rg_b256_z1_ep128_L60_m2_M124_N4_exposed_role_packed_sd1/summary.json,packet,,ok,controls,1,ub_rg,256,1,128,60,2,124,4,31.0,role_packed,exposed,13090.907794884706,18944.446319979917,,,499.74,,,0.1669057540241465,16.7%,m*Tf/(2*(Tf+Tc)); >=1 means bidirectional hide,"[""/home/sim/dyn_latency/results/ub_rg_system_packet/network/s1_ub_rg_afd_m2n_mb128_z1_ep128_M124_N4_role_packed_sd1/summary.json"", ""/home/sim/dyn_latency/results/ub_rg_system_packet/network/s1_ub_rg_afd_n2m_mb128_z1_ep128_M124_N4_role_packed_sd1/summary.json""]",2424889.1289574294,packet,sys3,256,128,sys3,60,124,2,4,role_packed,1,ub_rg,1,exposed,controls,1.0,2424889.1289574294,,,,,124,256,,,4,60,2,1,,499.74,exposed,,90.0,75.0,,,False,False,False,False,18944.446319979917,1176.615566421878,11914.292228462828,13090.907794884706,77.01546366168601,499.74,exposed,100.12010276019183,100.12010276019183,,,479.417,499.74,single-seed CCT; no cross-seed P99,"max(m2n_cct_us,n2m_cct_us)",499.74,2,18944.446319979917,sys3_s1_ub_rg_b256_z1_ep128_L60_m2_M124_N4_exposed_role_packed_sd1,13090.907794884706,controls,True
sys3,sys3_s1_ub_rg_b256_z1_ep128_L60_m2_M64_N64_hidden_role_packed_sd1,sys3/sys3_s1_ub_rg_b256_z1_ep128_L60_m2_M64_N64_hidden_role_packed_sd1/summary.json,packet,,ok,controls,1,ub_rg,256,1,128,60,2,64,64,1.0,role_packed,hidden,9918.758463965502,12904.84090977913,,,311.496,,,0.19823215236899863,19.8%,m*Tf/(2*(Tf+Tc)); >=1 means bidirectional hide,"[""/home/sim/dyn_latency/results/ub_rg_system_packet/network/s1_ub_rg_afd_m2n_mb128_z1_ep128_M64_N64_role_packed_sd1/summary.json"", ""/home/sim/dyn_latency/results/ub_rg_system_packet/network/s1_ub_rg_afd_n2m_mb128_z1_ep128_M64_N64_role_packed_sd1/summary.json""]",1651819.6364517286,packet,sys3,256,128,sys3,60,64,2,64,role_packed,1,ub_rg,1,hidden,controls,1.0,1651819.6364517286,,,,,64,256,,,64,60,2,1,,311.496,hidden,,90.0,75.0,,,False,True,False,False,12904.84090977913,753.9182882248662,9164.840175740635,9918.758463965502,77.01546366168601,311.496,hidden,53.910824563180206,77.01546366168601,,,283.489,311.496,single-seed CCT; no cross-seed P99,"max(m2n_cct_us,n2m_cct_us)",311.496,2,12904.84090977913,sys3_s1_ub_rg_b256_z1_ep128_L60_m2_M64_N64_hidden_role_packed_sd1,9918.758463965502,controls,True
sys3,sys3_s1_ub_rg_b256_z1_ep128_L60_m4_M112_N16_hidden_role_packed_sd1,sys3/sys3_s1_ub_rg_b256_z1_ep128_L60_m4_M112_N16_hidden_role_packed_sd1/summary.json,packet,,ok,controls,1,ub_rg,256,1,128,60,4,112,16,7.0,role_packed,hidden,18986.328103367825,11797.963185955188,,,224.353,,,0.5111049956981762,51.1%,m*Tf/(2*(Tf+Tc)); >=1 means bidirectional hide,"[""/home/sim/dyn_latency/results/ub_rg_system_packet/network/s1_ub_rg_afd_m2n_mb64_z1_ep128_M112_N16_role_packed_sd1/summary.json"", ""/home/sim/dyn_latency/results/ub_rg_system_packet/network/s1_ub_rg_afd_n2m_mb64_z1_ep128_M112_N16_role_packed_sd1/summary.json""]",1510139.287802264,packet,sys3,256,128,sys3,60,112,4,16,role_packed,1,ub_rg,1,hidden,controls,1.0,1510139.287802264,,,,,112,256,,,16,60,4,1,,224.353,hidden,,90.0,75.0,,,False,True,False,False,11797.963185955188,579.6322882248662,18406.695815142957,18986.328103367825,77.01546366168601,224.353,hidden,53.910824563180206,77.01546366168601,,,214.401,224.353,single-seed CCT; no cross-seed P99,"max(m2n_cct_us,n2m_cct_us)",224.353,2,11797.963185955188,sys3_s1_ub_rg_b256_z1_ep128_L60_m4_M112_N16_hidden_role_packed_sd1,18986.328103367825,controls,True
